Starting job on  Thu Mar 27 05:03:29 CET 2025
Running on  Linux lxplus948.cern.ch 5.14.0-503.33.1.el9_5.x86_64 #1 SMP PREEMPT_DYNAMIC Wed Mar 12 12:08:50 EDT 2025 x86_64 x86_64 x86_64 GNU/Linux
System release  CentOS Linux release 7.9.2009 (Core)
name: AZHToLLtt_mA900_mH400
carddir: cards/production/2017/13TeV/AZHToLLtt/AZHToLLtt_mA900_mH400
queue: local
scram_arch: slc7_amd64_gcc700
cmssw_version: CMSSW_10_6_19
# On branch mg265UL
# Untracked files:
#   (use "git add <file>..." to include in what will be committed)
#
#	AZHToLLtt_mA700_mH350.log
#	AZHToLLtt_mA700_mH350/
#	AZHToLLtt_mA700_mH350_slc7_amd64_gcc700_CMSSW_10_6_19_tarball.tar.xz
#	AZHToLLtt_mA700_mH400.log
#	AZHToLLtt_mA700_mH400/
#	AZHToLLtt_mA700_mH400_slc7_amd64_gcc700_CMSSW_10_6_19_tarball.tar.xz
#	AZHToLLtt_mA800_mH600.log
#	AZHToLLtt_mA800_mH600/
#	AZHToLLtt_mA800_mH600_slc7_amd64_gcc700_CMSSW_10_6_19_tarball.tar.xz
#	AZHToLLtt_mA800_mH650.log
#	AZHToLLtt_mA800_mH650/
#	AZHToLLtt_mA800_mH650_slc7_amd64_gcc700_CMSSW_10_6_19_tarball.tar.xz
#	AZHToLLtt_mA900_mH350.log
#	AZHToLLtt_mA900_mH350/
#	AZHToLLtt_mA900_mH350_slc7_amd64_gcc700_CMSSW_10_6_19_tarball.tar.xz
#	AZHToLLtt_mA900_mH400.log
#	cards/production/2017/13TeV/AZHToLLtt/AZHToLLtt_mA1000_mH600/
#	cards/production/2017/13TeV/AZHToLLtt/AZHToLLtt_mA1000_mH700/
#	cards/production/2017/13TeV/AZHToLLtt/AZHToLLtt_mA1000_mH800/
#	cards/production/2017/13TeV/AZHToLLtt/AZHToLLtt_mA1150_mH1000/
#	cards/production/2017/13TeV/AZHToLLtt/AZHToLLtt_mA1150_mH400/
#	cards/production/2017/13TeV/AZHToLLtt/AZHToLLtt_mA1150_mH500/
#	cards/production/2017/13TeV/AZHToLLtt/AZHToLLtt_mA1150_mH600/
#	cards/production/2017/13TeV/AZHToLLtt/AZHToLLtt_mA1150_mH700/
#	cards/production/2017/13TeV/AZHToLLtt/AZHToLLtt_mA1150_mH800/
#	cards/production/2017/13TeV/AZHToLLtt/AZHToLLtt_mA1150_mH900/
#	cards/production/2017/13TeV/AZHToLLtt/AZHToLLtt_mA1200_mH1000/
#	cards/production/2017/13TeV/AZHToLLtt/AZHToLLtt_mA1200_mH1050/
#	cards/production/2017/13TeV/AZHToLLtt/AZHToLLtt_mA1200_mH450/
#	cards/production/2017/13TeV/AZHToLLtt/AZHToLLtt_mA1200_mH550/
#	cards/production/2017/13TeV/AZHToLLtt/AZHToLLtt_mA1200_mH650/
#	cards/production/2017/13TeV/AZHToLLtt/AZHToLLtt_mA1200_mH750/
#	cards/production/2017/13TeV/AZHToLLtt/AZHToLLtt_mA1200_mH850/
#	cards/production/2017/13TeV/AZHToLLtt/AZHToLLtt_mA1200_mH950/
#	cards/production/2017/13TeV/AZHToLLtt/AZHToLLtt_mA1250_mH1000/
#	cards/production/2017/13TeV/AZHToLLtt/AZHToLLtt_mA1250_mH1050/
#	cards/production/2017/13TeV/AZHToLLtt/AZHToLLtt_mA1250_mH1100/
#	cards/production/2017/13TeV/AZHToLLtt/AZHToLLtt_mA1250_mH1150/
#	cards/production/2017/13TeV/AZHToLLtt/AZHToLLtt_mA1250_mH330/
#	cards/production/2017/13TeV/AZHToLLtt/AZHToLLtt_mA1250_mH350/
#	cards/production/2017/13TeV/AZHToLLtt/AZHToLLtt_mA1250_mH400/
#	cards/production/2017/13TeV/AZHToLLtt/AZHToLLtt_mA1250_mH450/
#	cards/production/2017/13TeV/AZHToLLtt/AZHToLLtt_mA1250_mH500/
#	cards/production/2017/13TeV/AZHToLLtt/AZHToLLtt_mA1250_mH550/
#	cards/production/2017/13TeV/AZHToLLtt/AZHToLLtt_mA1250_mH600/
#	cards/production/2017/13TeV/AZHToLLtt/AZHToLLtt_mA1250_mH650/
#	cards/production/2017/13TeV/AZHToLLtt/AZHToLLtt_mA1250_mH700/
#	cards/production/2017/13TeV/AZHToLLtt/AZHToLLtt_mA1250_mH750/
#	cards/production/2017/13TeV/AZHToLLtt/AZHToLLtt_mA1250_mH800/
#	cards/production/2017/13TeV/AZHToLLtt/AZHToLLtt_mA1250_mH850/
#	cards/production/2017/13TeV/AZHToLLtt/AZHToLLtt_mA1250_mH900/
#	cards/production/2017/13TeV/AZHToLLtt/AZHToLLtt_mA1250_mH950/
#	cards/production/2017/13TeV/AZHToLLtt/AZHToLLtt_mA1500_mH1000/
#	cards/production/2017/13TeV/AZHToLLtt/AZHToLLtt_mA1500_mH1400/
#	cards/production/2017/13TeV/AZHToLLtt/AZHToLLtt_mA1500_mH400/
#	cards/production/2017/13TeV/AZHToLLtt/AZHToLLtt_mA1800_mH1600/
#	cards/production/2017/13TeV/AZHToLLtt/AZHToLLtt_mA1800_mH400/
#	cards/production/2017/13TeV/AZHToLLtt/AZHToLLtt_mA2100_mH1000/
#	cards/production/2017/13TeV/AZHToLLtt/AZHToLLtt_mA2100_mH1600/
#	cards/production/2017/13TeV/AZHToLLtt/AZHToLLtt_mA2100_mH400/
#	cards/production/2017/13TeV/AZHToLLtt/AZHToLLtt_mA700_mH350/
#	cards/production/2017/13TeV/AZHToLLtt/AZHToLLtt_mA700_mH400/
#	cards/production/2017/13TeV/AZHToLLtt/AZHToLLtt_mA800_mH600/
#	cards/production/2017/13TeV/AZHToLLtt/AZHToLLtt_mA800_mH650/
#	cards/production/2017/13TeV/AZHToLLtt/AZHToLLtt_mA900_mH350/
#	cards/production/2017/13TeV/AZHToLLtt/AZHToLLtt_mA900_mH400/
#	cards/production/2017/13TeV/AZHToLLtt/copyhg.sh
#	created_gridpacks/
#	multimass_gridpack_generator.sh
#
# It took 3.17 seconds to enumerate untracked files. 'status -uno'
# may speed it up, but you have to be careful not to forget to add
# new files yourself (see 'git help status').
nothing added to commit but untracked files present (use "git add" to track)
Current git revision is:
2a1e509f9aee41339e495def3c0a5dcc4a080e64
/afs/cern.ch/user/h/harshul/private/azhRunIIsamples/genproductions/bin/MadGraph5_aMCatNLO
WARNING: In non-interactive mode release checks e.g. deprecated releases, production architectures are disabled.
--2025-03-27 05:03:40--  https://cms-project-generators.web.cern.ch/cms-project-generators/MG5_aMC_v2.6.5.tar.gz
Resolving cms-project-generators.web.cern.ch (cms-project-generators.web.cern.ch)... 2001:1458:d00:16::41d, 2001:1458:d00:62::100:2e8, 2001:1458:d00:65::100:265, ...
Connecting to cms-project-generators.web.cern.ch (cms-project-generators.web.cern.ch)|2001:1458:d00:16::41d|:443... connected.
HTTP request sent, awaiting response... 200 OK
Length: 34635867 (33M) [application/x-gzip]
Saving to: 'MG5_aMC_v2.6.5.tar.gz'

     0K .......... .......... .......... .......... ..........  0% 76.8M 0s
    50K .......... .......... .......... .......... ..........  0% 44.9M 1s
   100K .......... .......... .......... .......... ..........  0% 75.4M 1s
   150K .......... .......... .......... .......... ..........  0% 89.7M 0s
   200K .......... .......... .......... .......... ..........  0% 73.4M 0s
   250K .......... .......... .......... .......... ..........  0% 83.3M 0s
   300K .......... .......... .......... .......... ..........  1% 82.1M 0s
   350K .......... .......... .......... .......... ..........  1% 94.7M 0s
   400K .......... .......... .......... .......... ..........  1% 84.3M 0s
   450K .......... .......... .......... .......... ..........  1% 85.1M 0s
   500K .......... .......... .......... .......... ..........  1% 83.0M 0s
   550K .......... .......... .......... .......... ..........  1% 97.7M 0s
   600K .......... .......... .......... .......... ..........  1% 76.2M 0s
   650K .......... .......... .......... .......... ..........  2% 84.6M 0s
   700K .......... .......... .......... .......... ..........  2% 87.5M 0s
   750K .......... .......... .......... .......... ..........  2% 83.2M 0s
   800K .......... .......... .......... .......... ..........  2% 86.7M 0s
   850K .......... .......... .......... .......... ..........  2% 82.9M 0s
   900K .......... .......... .......... .......... ..........  2% 88.1M 0s
   950K .......... .......... .......... .......... ..........  2% 78.1M 0s
  1000K .......... .......... .......... .......... ..........  3% 85.0M 0s
  1050K .......... .......... .......... .......... ..........  3% 71.6M 0s
  1100K .......... .......... .......... .......... ..........  3% 75.9M 0s
  1150K .......... .......... .......... .......... ..........  3% 88.3M 0s
  1200K .......... .......... .......... .......... ..........  3% 94.4M 0s
  1250K .......... .......... .......... .......... ..........  3% 70.2M 0s
  1300K .......... .......... .......... .......... ..........  3% 94.7M 0s
  1350K .......... .......... .......... .......... ..........  4% 89.2M 0s
  1400K .......... .......... .......... .......... ..........  4% 86.2M 0s
  1450K .......... .......... .......... .......... ..........  4% 94.8M 0s
  1500K .......... .......... .......... .......... ..........  4% 86.4M 0s
  1550K .......... .......... .......... .......... ..........  4% 90.6M 0s
  1600K .......... .......... .......... .......... ..........  4% 98.7M 0s
  1650K .......... .......... .......... .......... ..........  5% 71.9M 0s
  1700K .......... .......... .......... .......... ..........  5% 95.3M 0s
  1750K .......... .......... .......... .......... ..........  5% 89.6M 0s
  1800K .......... .......... .......... .......... ..........  5% 73.5M 0s
  1850K .......... .......... .......... .......... ..........  5% 86.4M 0s
  1900K .......... .......... .......... .......... ..........  5% 93.7M 0s
  1950K .......... .......... .......... .......... ..........  5% 66.1M 0s
  2000K .......... .......... .......... .......... ..........  6% 89.6M 0s
  2050K .......... .......... .......... .......... ..........  6% 92.9M 0s
  2100K .......... .......... .......... .......... ..........  6% 90.0M 0s
  2150K .......... .......... .......... .......... ..........  6% 92.1M 0s
  2200K .......... .......... .......... .......... ..........  6% 86.4M 0s
  2250K .......... .......... .......... .......... ..........  6% 90.1M 0s
  2300K .......... .......... .......... .......... ..........  6% 95.0M 0s
  2350K .......... .......... .......... .......... ..........  7% 78.4M 0s
  2400K .......... .......... .......... .......... ..........  7% 95.1M 0s
  2450K .......... .......... .......... .......... ..........  7% 71.0M 0s
  2500K .......... .......... .......... .......... ..........  7% 88.7M 0s
  2550K .......... .......... .......... .......... ..........  7% 85.7M 0s
  2600K .......... .......... .......... .......... ..........  7% 84.0M 0s
  2650K .......... .......... .......... .......... ..........  7% 85.7M 0s
  2700K .......... .......... .......... .......... ..........  8% 96.1M 0s
  2750K .......... .......... .......... .......... ..........  8% 69.4M 0s
  2800K .......... .......... .......... .......... ..........  8% 77.3M 0s
  2850K .......... .......... .......... .......... ..........  8%  105M 0s
  2900K .......... .......... .......... .......... ..........  8% 97.9M 0s
  2950K .......... .......... .......... .......... ..........  8% 96.8M 0s
  3000K .......... .......... .......... .......... ..........  9% 70.1M 0s
  3050K .......... .......... .......... .......... ..........  9% 92.5M 0s
  3100K .......... .......... .......... .......... ..........  9% 97.4M 0s
  3150K .......... .......... .......... .......... ..........  9% 89.0M 0s
  3200K .......... .......... .......... .......... ..........  9% 75.9M 0s
  3250K .......... .......... .......... .......... ..........  9% 74.0M 0s
  3300K .......... .......... .......... .......... ..........  9% 74.9M 0s
  3350K .......... .......... .......... .......... .......... 10% 56.7M 0s
  3400K .......... .......... .......... .......... .......... 10% 71.9M 0s
  3450K .......... .......... .......... .......... .......... 10% 72.2M 0s
  3500K .......... .......... .......... .......... .......... 10% 71.6M 0s
  3550K .......... .......... .......... .......... .......... 10% 72.4M 0s
  3600K .......... .......... .......... .......... .......... 10% 68.5M 0s
  3650K .......... .......... .......... .......... .......... 10% 67.8M 0s
  3700K .......... .......... .......... .......... .......... 11% 66.9M 0s
  3750K .......... .......... .......... .......... .......... 11% 76.4M 0s
  3800K .......... .......... .......... .......... .......... 11% 65.2M 0s
  3850K .......... .......... .......... .......... .......... 11% 54.8M 0s
  3900K .......... .......... .......... .......... .......... 11% 83.7M 0s
  3950K .......... .......... .......... .......... .......... 11% 78.1M 0s
  4000K .......... .......... .......... .......... .......... 11% 96.4M 0s
  4050K .......... .......... .......... .......... .......... 12% 73.9M 0s
  4100K .......... .......... .......... .......... .......... 12% 80.0M 0s
  4150K .......... .......... .......... .......... .......... 12% 74.8M 0s
  4200K .......... .......... .......... .......... .......... 12% 96.4M 0s
  4250K .......... .......... .......... .......... .......... 12% 85.9M 0s
  4300K .......... .......... .......... .......... .......... 12% 71.5M 0s
  4350K .......... .......... .......... .......... .......... 13% 81.0M 0s
  4400K .......... .......... .......... .......... .......... 13%  100M 0s
  4450K .......... .......... .......... .......... .......... 13% 96.7M 0s
  4500K .......... .......... .......... .......... .......... 13% 75.7M 0s
  4550K .......... .......... .......... .......... .......... 13% 71.0M 0s
  4600K .......... .......... .......... .......... .......... 13% 76.5M 0s
  4650K .......... .......... .......... .......... .......... 13% 71.8M 0s
  4700K .......... .......... .......... .......... .......... 14% 56.0M 0s
  4750K .......... .......... .......... .......... .......... 14% 60.0M 0s
  4800K .......... .......... .......... .......... .......... 14% 78.8M 0s
  4850K .......... .......... .......... .......... .......... 14% 79.0M 0s
  4900K .......... .......... .......... .......... .......... 14% 78.2M 0s
  4950K .......... .......... .......... .......... .......... 14% 61.3M 0s
  5000K .......... .......... .......... .......... .......... 14% 69.9M 0s
  5050K .......... .......... .......... .......... .......... 15% 75.6M 0s
  5100K .......... .......... .......... .......... .......... 15% 79.5M 0s
  5150K .......... .......... .......... .......... .......... 15% 89.6M 0s
  5200K .......... .......... .......... .......... .......... 15% 81.9M 0s
  5250K .......... .......... .......... .......... .......... 15% 83.3M 0s
  5300K .......... .......... .......... .......... .......... 15% 80.5M 0s
  5350K .......... .......... .......... .......... .......... 15%  102M 0s
  5400K .......... .......... .......... .......... .......... 16% 99.0M 0s
  5450K .......... .......... .......... .......... .......... 16% 67.0M 0s
  5500K .......... .......... .......... .......... .......... 16% 71.0M 0s
  5550K .......... .......... .......... .......... .......... 16% 73.8M 0s
  5600K .......... .......... .......... .......... .......... 16% 69.5M 0s
  5650K .......... .......... .......... .......... .......... 16% 68.0M 0s
  5700K .......... .......... .......... .......... .......... 16% 70.5M 0s
  5750K .......... .......... .......... .......... .......... 17% 71.7M 0s
  5800K .......... .......... .......... .......... .......... 17% 56.8M 0s
  5850K .......... .......... .......... .......... .......... 17% 69.0M 0s
  5900K .......... .......... .......... .......... .......... 17% 74.2M 0s
  5950K .......... .......... .......... .......... .......... 17% 77.6M 0s
  6000K .......... .......... .......... .......... .......... 17% 72.7M 0s
  6050K .......... .......... .......... .......... .......... 18% 75.1M 0s
  6100K .......... .......... .......... .......... .......... 18% 78.9M 0s
  6150K .......... .......... .......... .......... .......... 18% 84.3M 0s
  6200K .......... .......... .......... .......... .......... 18% 89.6M 0s
  6250K .......... .......... .......... .......... .......... 18% 76.6M 0s
  6300K .......... .......... .......... .......... .......... 18% 76.5M 0s
  6350K .......... .......... .......... .......... .......... 18% 75.2M 0s
  6400K .......... .......... .......... .......... .......... 19% 76.1M 0s
  6450K .......... .......... .......... .......... .......... 19% 94.7M 0s
  6500K .......... .......... .......... .......... .......... 19% 94.9M 0s
  6550K .......... .......... .......... .......... .......... 19% 93.9M 0s
  6600K .......... .......... .......... .......... .......... 19% 95.7M 0s
  6650K .......... .......... .......... .......... .......... 19% 89.2M 0s
  6700K .......... .......... .......... .......... .......... 19% 95.8M 0s
  6750K .......... .......... .......... .......... .......... 20% 74.6M 0s
  6800K .......... .......... .......... .......... .......... 20% 80.0M 0s
  6850K .......... .......... .......... .......... .......... 20% 76.2M 0s
  6900K .......... .......... .......... .......... .......... 20% 77.8M 0s
  6950K .......... .......... .......... .......... .......... 20% 81.9M 0s
  7000K .......... .......... .......... .......... .......... 20% 99.3M 0s
  7050K .......... .......... .......... .......... .......... 20% 73.9M 0s
  7100K .......... .......... .......... .......... .......... 21% 76.2M 0s
  7150K .......... .......... .......... .......... .......... 21% 57.6M 0s
  7200K .......... .......... .......... .......... .......... 21% 67.2M 0s
  7250K .......... .......... .......... .......... .......... 21% 90.7M 0s
  7300K .......... .......... .......... .......... .......... 21% 92.1M 0s
  7350K .......... .......... .......... .......... .......... 21% 89.7M 0s
  7400K .......... .......... .......... .......... .......... 22% 87.7M 0s
  7450K .......... .......... .......... .......... .......... 22% 85.2M 0s
  7500K .......... .......... .......... .......... .......... 22% 73.2M 0s
  7550K .......... .......... .......... .......... .......... 22% 95.5M 0s
  7600K .......... .......... .......... .......... .......... 22% 99.1M 0s
  7650K .......... .......... .......... .......... .......... 22% 93.1M 0s
  7700K .......... .......... .......... .......... .......... 22% 74.2M 0s
  7750K .......... .......... .......... .......... .......... 23% 80.9M 0s
  7800K .......... .......... .......... .......... .......... 23% 92.6M 0s
  7850K .......... .......... .......... .......... .......... 23% 91.2M 0s
  7900K .......... .......... .......... .......... .......... 23% 60.1M 0s
  7950K .......... .......... .......... .......... .......... 23% 73.7M 0s
  8000K .......... .......... .......... .......... .......... 23% 91.5M 0s
  8050K .......... .......... .......... .......... .......... 23% 94.8M 0s
  8100K .......... .......... .......... .......... .......... 24% 90.0M 0s
  8150K .......... .......... .......... .......... .......... 24% 78.3M 0s
  8200K .......... .......... .......... .......... .......... 24% 73.0M 0s
  8250K .......... .......... .......... .......... .......... 24% 74.6M 0s
  8300K .......... .......... .......... .......... .......... 24% 59.6M 0s
  8350K .......... .......... .......... .......... .......... 24% 90.0M 0s
  8400K .......... .......... .......... .......... .......... 24% 92.8M 0s
  8450K .......... .......... .......... .......... .......... 25% 80.6M 0s
  8500K .......... .......... .......... .......... .......... 25% 94.1M 0s
  8550K .......... .......... .......... .......... .......... 25% 93.5M 0s
  8600K .......... .......... .......... .......... .......... 25% 96.9M 0s
  8650K .......... .......... .......... .......... .......... 25% 73.6M 0s
  8700K .......... .......... .......... .......... .......... 25% 85.1M 0s
  8750K .......... .......... .......... .......... .......... 26% 74.7M 0s
  8800K .......... .......... .......... .......... .......... 26% 81.3M 0s
  8850K .......... .......... .......... .......... .......... 26% 91.7M 0s
  8900K .......... .......... .......... .......... .......... 26% 84.2M 0s
  8950K .......... .......... .......... .......... .......... 26% 85.3M 0s
  9000K .......... .......... .......... .......... .......... 26% 95.1M 0s
  9050K .......... .......... .......... .......... .......... 26% 76.4M 0s
  9100K .......... .......... .......... .......... .......... 27% 79.5M 0s
  9150K .......... .......... .......... .......... .......... 27% 74.0M 0s
  9200K .......... .......... .......... .......... .......... 27% 79.4M 0s
  9250K .......... .......... .......... .......... .......... 27% 90.1M 0s
  9300K .......... .......... .......... .......... .......... 27% 95.0M 0s
  9350K .......... .......... .......... .......... .......... 27% 97.8M 0s
  9400K .......... .......... .......... .......... .......... 27% 91.2M 0s
  9450K .......... .......... .......... .......... .......... 28% 74.2M 0s
  9500K .......... .......... .......... .......... .......... 28% 94.1M 0s
  9550K .......... .......... .......... .......... .......... 28% 98.7M 0s
  9600K .......... .......... .......... .......... .......... 28% 84.5M 0s
  9650K .......... .......... .......... .......... .......... 28% 76.8M 0s
  9700K .......... .......... .......... .......... .......... 28% 75.9M 0s
  9750K .......... .......... .......... .......... .......... 28% 90.9M 0s
  9800K .......... .......... .......... .......... .......... 29% 73.5M 0s
  9850K .......... .......... .......... .......... .......... 29% 91.3M 0s
  9900K .......... .......... .......... .......... .......... 29% 97.5M 0s
  9950K .......... .......... .......... .......... .......... 29% 91.5M 0s
 10000K .......... .......... .......... .......... .......... 29% 91.0M 0s
 10050K .......... .......... .......... .......... .......... 29% 96.2M 0s
 10100K .......... .......... .......... .......... .......... 30% 96.1M 0s
 10150K .......... .......... .......... .......... .......... 30% 94.7M 0s
 10200K .......... .......... .......... .......... .......... 30% 76.0M 0s
 10250K .......... .......... .......... .......... .......... 30% 98.4M 0s
 10300K .......... .......... .......... .......... .......... 30% 95.4M 0s
 10350K .......... .......... .......... .......... .......... 30% 95.3M 0s
 10400K .......... .......... .......... .......... .......... 30% 91.6M 0s
 10450K .......... .......... .......... .......... .......... 31% 96.0M 0s
 10500K .......... .......... .......... .......... .......... 31% 90.3M 0s
 10550K .......... .......... .......... .......... .......... 31% 77.4M 0s
 10600K .......... .......... .......... .......... .......... 31% 90.2M 0s
 10650K .......... .......... .......... .......... .......... 31% 92.0M 0s
 10700K .......... .......... .......... .......... .......... 31% 97.5M 0s
 10750K .......... .......... .......... .......... .......... 31% 91.2M 0s
 10800K .......... .......... .......... .......... .......... 32% 93.7M 0s
 10850K .......... .......... .......... .......... .......... 32% 98.8M 0s
 10900K .......... .......... .......... .......... .......... 32% 89.5M 0s
 10950K .......... .......... .......... .......... .......... 32% 76.0M 0s
 11000K .......... .......... .......... .......... .......... 32% 96.2M 0s
 11050K .......... .......... .......... .......... .......... 32% 95.4M 0s
 11100K .......... .......... .......... .......... .......... 32% 95.6M 0s
 11150K .......... .......... .......... .......... .......... 33% 88.0M 0s
 11200K .......... .......... .......... .......... .......... 33% 98.1M 0s
 11250K .......... .......... .......... .......... .......... 33% 96.0M 0s
 11300K .......... .......... .......... .......... .......... 33% 93.6M 0s
 11350K .......... .......... .......... .......... .......... 33% 75.0M 0s
 11400K .......... .......... .......... .......... .......... 33% 95.8M 0s
 11450K .......... .......... .......... .......... .......... 33% 95.9M 0s
 11500K .......... .......... .......... .......... .......... 34% 95.6M 0s
 11550K .......... .......... .......... .......... .......... 34% 91.8M 0s
 11600K .......... .......... .......... .......... .......... 34% 96.4M 0s
 11650K .......... .......... .......... .......... .......... 34% 96.6M 0s
 11700K .......... .......... .......... .......... .......... 34% 75.0M 0s
 11750K .......... .......... .......... .......... .......... 34% 91.6M 0s
 11800K .......... .......... .......... .......... .......... 35%  115M 0s
 11850K .......... .......... .......... .......... .......... 35% 80.6M 0s
 11900K .......... .......... .......... .......... .......... 35% 91.5M 0s
 11950K .......... .......... .......... .......... .......... 35%  106M 0s
 12000K .......... .......... .......... .......... .......... 35% 68.2M 0s
 12050K .......... .......... .......... .......... .......... 35% 98.2M 0s
 12100K .......... .......... .......... .......... .......... 35% 98.1M 0s
 12150K .......... .......... .......... .......... .......... 36% 96.2M 0s
 12200K .......... .......... .......... .......... .......... 36% 92.4M 0s
 12250K .......... .......... .......... .......... .......... 36% 96.5M 0s
 12300K .......... .......... .......... .......... .......... 36% 98.6M 0s
 12350K .......... .......... .......... .......... .......... 36% 75.6M 0s
 12400K .......... .......... .......... .......... .......... 36%  100M 0s
 12450K .......... .......... .......... .......... .......... 36% 96.8M 0s
 12500K .......... .......... .......... .......... .......... 37% 98.8M 0s
 12550K .......... .......... .......... .......... .......... 37% 92.3M 0s
 12600K .......... .......... .......... .......... .......... 37% 99.6M 0s
 12650K .......... .......... .......... .......... .......... 37% 84.9M 0s
 12700K .......... .......... .......... .......... .......... 37% 90.1M 0s
 12750K .......... .......... .......... .......... .......... 37% 82.6M 0s
 12800K .......... .......... .......... .......... .......... 37% 99.1M 0s
 12850K .......... .......... .......... .......... .......... 38% 74.9M 0s
 12900K .......... .......... .......... .......... .......... 38% 91.3M 0s
 12950K .......... .......... .......... .......... .......... 38% 93.0M 0s
 13000K .......... .......... .......... .......... .......... 38% 89.4M 0s
 13050K .......... .......... .......... .......... .......... 38% 74.2M 0s
 13100K .......... .......... .......... .......... .......... 38% 75.8M 0s
 13150K .......... .......... .......... .......... .......... 39% 82.8M 0s
 13200K .......... .......... .......... .......... .......... 39% 90.5M 0s
 13250K .......... .......... .......... .......... .......... 39% 89.3M 0s
 13300K .......... .......... .......... .......... .......... 39% 94.5M 0s
 13350K .......... .......... .......... .......... .......... 39% 88.8M 0s
 13400K .......... .......... .......... .......... .......... 39% 82.0M 0s
 13450K .......... .......... .......... .......... .......... 39% 21.1M 0s
 13500K .......... .......... .......... .......... .......... 40% 89.5M 0s
 13550K .......... .......... .......... .......... .......... 40% 71.0M 0s
 13600K .......... .......... .......... .......... .......... 40% 72.5M 0s
 13650K .......... .......... .......... .......... .......... 40% 81.9M 0s
 13700K .......... .......... .......... .......... .......... 40%  113M 0s
 13750K .......... .......... .......... .......... .......... 40% 76.9M 0s
 13800K .......... .......... .......... .......... .......... 40% 77.9M 0s
 13850K .......... .......... .......... .......... .......... 41% 78.0M 0s
 13900K .......... .......... .......... .......... .......... 41% 68.6M 0s
 13950K .......... .......... .......... .......... .......... 41% 99.0M 0s
 14000K .......... .......... .......... .......... .......... 41% 72.9M 0s
 14050K .......... .......... .......... .......... .......... 41% 89.9M 0s
 14100K .......... .......... .......... .......... .......... 41% 82.9M 0s
 14150K .......... .......... .......... .......... .......... 41% 68.1M 0s
 14200K .......... .......... .......... .......... .......... 42% 66.1M 0s
 14250K .......... .......... .......... .......... .......... 42% 91.6M 0s
 14300K .......... .......... .......... .......... .......... 42% 98.2M 0s
 14350K .......... .......... .......... .......... .......... 42% 74.2M 0s
 14400K .......... .......... .......... .......... .......... 42% 50.6M 0s
 14450K .......... .......... .......... .......... .......... 42% 62.6M 0s
 14500K .......... .......... .......... .......... .......... 43% 75.9M 0s
 14550K .......... .......... .......... .......... .......... 43% 84.7M 0s
 14600K .......... .......... .......... .......... .......... 43% 83.0M 0s
 14650K .......... .......... .......... .......... .......... 43% 74.6M 0s
 14700K .......... .......... .......... .......... .......... 43% 69.4M 0s
 14750K .......... .......... .......... .......... .......... 43% 89.0M 0s
 14800K .......... .......... .......... .......... .......... 43% 83.1M 0s
 14850K .......... .......... .......... .......... .......... 44% 77.2M 0s
 14900K .......... .......... .......... .......... .......... 44% 68.9M 0s
 14950K .......... .......... .......... .......... .......... 44% 69.8M 0s
 15000K .......... .......... .......... .......... .......... 44% 96.3M 0s
 15050K .......... .......... .......... .......... .......... 44% 79.1M 0s
 15100K .......... .......... .......... .......... .......... 44% 85.9M 0s
 15150K .......... .......... .......... .......... .......... 44% 71.7M 0s
 15200K .......... .......... .......... .......... .......... 45% 80.9M 0s
 15250K .......... .......... .......... .......... .......... 45% 81.2M 0s
 15300K .......... .......... .......... .......... .......... 45% 92.0M 0s
 15350K .......... .......... .......... .......... .......... 45% 81.7M 0s
 15400K .......... .......... .......... .......... .......... 45% 62.1M 0s
 15450K .......... .......... .......... .......... .......... 45% 56.0M 0s
 15500K .......... .......... .......... .......... .......... 45% 94.5M 0s
 15550K .......... .......... .......... .......... .......... 46% 92.1M 0s
 15600K .......... .......... .......... .......... .......... 46% 54.0M 0s
 15650K .......... .......... .......... .......... .......... 46% 74.3M 0s
 15700K .......... .......... .......... .......... .......... 46% 78.7M 0s
 15750K .......... .......... .......... .......... .......... 46% 74.1M 0s
 15800K .......... .......... .......... .......... .......... 46% 78.0M 0s
 15850K .......... .......... .......... .......... .......... 47% 77.6M 0s
 15900K .......... .......... .......... .......... .......... 47% 83.1M 0s
 15950K .......... .......... .......... .......... .......... 47% 88.1M 0s
 16000K .......... .......... .......... .......... .......... 47% 65.4M 0s
 16050K .......... .......... .......... .......... .......... 47% 80.4M 0s
 16100K .......... .......... .......... .......... .......... 47% 80.1M 0s
 16150K .......... .......... .......... .......... .......... 47% 75.6M 0s
 16200K .......... .......... .......... .......... .......... 48% 76.0M 0s
 16250K .......... .......... .......... .......... .......... 48% 82.3M 0s
 16300K .......... .......... .......... .......... .......... 48% 74.0M 0s
 16350K .......... .......... .......... .......... .......... 48% 75.0M 0s
 16400K .......... .......... .......... .......... .......... 48% 94.7M 0s
 16450K .......... .......... .......... .......... .......... 48% 95.0M 0s
 16500K .......... .......... .......... .......... .......... 48% 82.5M 0s
 16550K .......... .......... .......... .......... .......... 49% 65.2M 0s
 16600K .......... .......... .......... .......... .......... 49% 94.3M 0s
 16650K .......... .......... .......... .......... .......... 49% 95.4M 0s
 16700K .......... .......... .......... .......... .......... 49% 88.9M 0s
 16750K .......... .......... .......... .......... .......... 49% 58.1M 0s
 16800K .......... .......... .......... .......... .......... 49% 80.6M 0s
 16850K .......... .......... .......... .......... .......... 49% 89.7M 0s
 16900K .......... .......... .......... .......... .......... 50% 97.1M 0s
 16950K .......... .......... .......... .......... .......... 50% 84.1M 0s
 17000K .......... .......... .......... .......... .......... 50% 82.0M 0s
 17050K .......... .......... .......... .......... .......... 50% 76.4M 0s
 17100K .......... .......... .......... .......... .......... 50% 86.9M 0s
 17150K .......... .......... .......... .......... .......... 50% 72.8M 0s
 17200K .......... .......... .......... .......... .......... 50% 79.3M 0s
 17250K .......... .......... .......... .......... .......... 51% 72.0M 0s
 17300K .......... .......... .......... .......... .......... 51% 71.0M 0s
 17350K .......... .......... .......... .......... .......... 51% 78.2M 0s
 17400K .......... .......... .......... .......... .......... 51% 88.3M 0s
 17450K .......... .......... .......... .......... .......... 51% 90.8M 0s
 17500K .......... .......... .......... .......... .......... 51% 68.1M 0s
 17550K .......... .......... .......... .......... .......... 52% 79.8M 0s
 17600K .......... .......... .......... .......... .......... 52% 85.7M 0s
 17650K .......... .......... .......... .......... .......... 52%  103M 0s
 17700K .......... .......... .......... .......... .......... 52% 85.0M 0s
 17750K .......... .......... .......... .......... .......... 52% 89.6M 0s
 17800K .......... .......... .......... .......... .......... 52% 97.7M 0s
 17850K .......... .......... .......... .......... .......... 52% 98.7M 0s
 17900K .......... .......... .......... .......... .......... 53% 74.3M 0s
 17950K .......... .......... .......... .......... .......... 53% 97.8M 0s
 18000K .......... .......... .......... .......... .......... 53%  103M 0s
 18050K .......... .......... .......... .......... .......... 53%  101M 0s
 18100K .......... .......... .......... .......... .......... 53% 97.7M 0s
 18150K .......... .......... .......... .......... .......... 53%  100M 0s
 18200K .......... .......... .......... .......... .......... 53% 97.1M 0s
 18250K .......... .......... .......... .......... .......... 54% 96.4M 0s
 18300K .......... .......... .......... .......... .......... 54% 78.9M 0s
 18350K .......... .......... .......... .......... .......... 54% 98.9M 0s
 18400K .......... .......... .......... .......... .......... 54%  101M 0s
 18450K .......... .......... .......... .......... .......... 54% 98.6M 0s
 18500K .......... .......... .......... .......... .......... 54%  100M 0s
 18550K .......... .......... .......... .......... .......... 54%  104M 0s
 18600K .......... .......... .......... .......... .......... 55% 97.9M 0s
 18650K .......... .......... .......... .......... .......... 55% 76.8M 0s
 18700K .......... .......... .......... .......... .......... 55%  101M 0s
 18750K .......... .......... .......... .......... .......... 55%  105M 0s
 18800K .......... .......... .......... .......... .......... 55%  104M 0s
 18850K .......... .......... .......... .......... .......... 55% 91.6M 0s
 18900K .......... .......... .......... .......... .......... 56% 98.0M 0s
 18950K .......... .......... .......... .......... .......... 56%  100M 0s
 19000K .......... .......... .......... .......... .......... 56%  101M 0s
 19050K .......... .......... .......... .......... .......... 56% 81.9M 0s
 19100K .......... .......... .......... .......... .......... 56% 92.5M 0s
 19150K .......... .......... .......... .......... .......... 56%  100M 0s
 19200K .......... .......... .......... .......... .......... 56% 90.5M 0s
 19250K .......... .......... .......... .......... .......... 57% 96.9M 0s
 19300K .......... .......... .......... .......... .......... 57% 97.1M 0s
 19350K .......... .......... .......... .......... .......... 57% 96.9M 0s
 19400K .......... .......... .......... .......... .......... 57% 77.3M 0s
 19450K .......... .......... .......... .......... .......... 57%  100M 0s
 19500K .......... .......... .......... .......... .......... 57%  101M 0s
 19550K .......... .......... .......... .......... .......... 57% 94.0M 0s
 19600K .......... .......... .......... .......... .......... 58% 95.1M 0s
 19650K .......... .......... .......... .......... .......... 58% 97.1M 0s
 19700K .......... .......... .......... .......... .......... 58%  103M 0s
 19750K .......... .......... .......... .......... .......... 58% 97.9M 0s
 19800K .......... .......... .......... .......... .......... 58% 79.1M 0s
 19850K .......... .......... .......... .......... .......... 58% 97.6M 0s
 19900K .......... .......... .......... .......... .......... 58%  104M 0s
 19950K .......... .......... .......... .......... .......... 59% 99.4M 0s
 20000K .......... .......... .......... .......... .......... 59% 97.1M 0s
 20050K .......... .......... .......... .......... .......... 59% 96.8M 0s
 20100K .......... .......... .......... .......... .......... 59% 95.3M 0s
 20150K .......... .......... .......... .......... .......... 59% 97.8M 0s
 20200K .......... .......... .......... .......... .......... 59% 76.8M 0s
 20250K .......... .......... .......... .......... .......... 60% 94.3M 0s
 20300K .......... .......... .......... .......... .......... 60%  103M 0s
 20350K .......... .......... .......... .......... .......... 60%  101M 0s
 20400K .......... .......... .......... .......... .......... 60%  102M 0s
 20450K .......... .......... .......... .......... .......... 60%  102M 0s
 20500K .......... .......... .......... .......... .......... 60% 98.4M 0s
 20550K .......... .......... .......... .......... .......... 60% 77.3M 0s
 20600K .......... .......... .......... .......... .......... 61%  102M 0s
 20650K .......... .......... .......... .......... .......... 61%  100M 0s
 20700K .......... .......... .......... .......... .......... 61% 98.6M 0s
 20750K .......... .......... .......... .......... .......... 61% 95.1M 0s
 20800K .......... .......... .......... .......... .......... 61% 99.4M 0s
 20850K .......... .......... .......... .......... .......... 61% 97.4M 0s
 20900K .......... .......... .......... .......... .......... 61%  101M 0s
 20950K .......... .......... .......... .......... .......... 62% 76.3M 0s
 21000K .......... .......... .......... .......... .......... 62% 96.7M 0s
 21050K .......... .......... .......... .......... .......... 62%  101M 0s
 21100K .......... .......... .......... .......... .......... 62%  103M 0s
 21150K .......... .......... .......... .......... .......... 62% 96.2M 0s
 21200K .......... .......... .......... .......... .......... 62% 98.0M 0s
 21250K .......... .......... .......... .......... .......... 62% 99.8M 0s
 21300K .......... .......... .......... .......... .......... 63%  104M 0s
 21350K .......... .......... .......... .......... .......... 63% 80.8M 0s
 21400K .......... .......... .......... .......... .......... 63% 98.3M 0s
 21450K .......... .......... .......... .......... .......... 63% 99.5M 0s
 21500K .......... .......... .......... .......... .......... 63% 93.7M 0s
 21550K .......... .......... .......... .......... .......... 63%  103M 0s
 21600K .......... .......... .......... .......... .......... 64%  102M 0s
 21650K .......... .......... .......... .......... .......... 64% 97.9M 0s
 21700K .......... .......... .......... .......... .......... 64% 72.9M 0s
 21750K .......... .......... .......... .......... .......... 64%  101M 0s
 21800K .......... .......... .......... .......... .......... 64%  102M 0s
 21850K .......... .......... .......... .......... .......... 64%  100M 0s
 21900K .......... .......... .......... .......... .......... 64% 91.9M 0s
 21950K .......... .......... .......... .......... .......... 65%  102M 0s
 22000K .......... .......... .......... .......... .......... 65%  101M 0s
 22050K .......... .......... .......... .......... .......... 65%  103M 0s
 22100K .......... .......... .......... .......... .......... 65% 76.8M 0s
 22150K .......... .......... .......... .......... .......... 65% 98.3M 0s
 22200K .......... .......... .......... .......... .......... 65%  101M 0s
 22250K .......... .......... .......... .......... .......... 65%  102M 0s
 22300K .......... .......... .......... .......... .......... 66% 94.0M 0s
 22350K .......... .......... .......... .......... .......... 66%  100M 0s
 22400K .......... .......... .......... .......... .......... 66% 97.2M 0s
 22450K .......... .......... .......... .......... .......... 66% 82.2M 0s
 22500K .......... .......... .......... .......... .......... 66%  101M 0s
 22550K .......... .......... .......... .......... .......... 66% 97.1M 0s
 22600K .......... .......... .......... .......... .......... 66% 98.2M 0s
 22650K .......... .......... .......... .......... .......... 67% 98.2M 0s
 22700K .......... .......... .......... .......... .......... 67%  103M 0s
 22750K .......... .......... .......... .......... .......... 67%  103M 0s
 22800K .......... .......... .......... .......... .......... 67% 90.4M 0s
 22850K .......... .......... .......... .......... .......... 67% 70.5M 0s
 22900K .......... .......... .......... .......... .......... 67% 91.0M 0s
 22950K .......... .......... .......... .......... .......... 67% 98.4M 0s
 23000K .......... .......... .......... .......... .......... 68% 94.3M 0s
 23050K .......... .......... .......... .......... .......... 68% 95.7M 0s
 23100K .......... .......... .......... .......... .......... 68%  102M 0s
 23150K .......... .......... .......... .......... .......... 68%  101M 0s
 23200K .......... .......... .......... .......... .......... 68% 90.8M 0s
 23250K .......... .......... .......... .......... .......... 68% 67.7M 0s
 23300K .......... .......... .......... .......... .......... 69% 86.0M 0s
 23350K .......... .......... .......... .......... .......... 69% 92.2M 0s
 23400K .......... .......... .......... .......... .......... 69% 97.0M 0s
 23450K .......... .......... .......... .......... .......... 69% 93.6M 0s
 23500K .......... .......... .......... .......... .......... 69% 78.5M 0s
 23550K .......... .......... .......... .......... .......... 69% 78.7M 0s
 23600K .......... .......... .......... .......... .......... 69% 73.4M 0s
 23650K .......... .......... .......... .......... .......... 70% 93.0M 0s
 23700K .......... .......... .......... .......... .......... 70% 88.2M 0s
 23750K .......... .......... .......... .......... .......... 70% 90.5M 0s
 23800K .......... .......... .......... .......... .......... 70% 89.2M 0s
 23850K .......... .......... .......... .......... .......... 70% 96.5M 0s
 23900K .......... .......... .......... .......... .......... 70% 93.7M 0s
 23950K .......... .......... .......... .......... .......... 70% 93.8M 0s
 24000K .......... .......... .......... .......... .......... 71% 70.6M 0s
 24050K .......... .......... .......... .......... .......... 71% 97.6M 0s
 24100K .......... .......... .......... .......... .......... 71%  101M 0s
 24150K .......... .......... .......... .......... .......... 71%  101M 0s
 24200K .......... .......... .......... .......... .......... 71% 88.9M 0s
 24250K .......... .......... .......... .......... .......... 71% 93.4M 0s
 24300K .......... .......... .......... .......... .......... 71% 87.0M 0s
 24350K .......... .......... .......... .......... .......... 72% 93.1M 0s
 24400K .......... .......... .......... .......... .......... 72% 75.5M 0s
 24450K .......... .......... .......... .......... .......... 72% 96.6M 0s
 24500K .......... .......... .......... .......... .......... 72% 98.0M 0s
 24550K .......... .......... .......... .......... .......... 72% 87.8M 0s
 24600K .......... .......... .......... .......... .......... 72% 93.3M 0s
 24650K .......... .......... .......... .......... .......... 73% 99.7M 0s
 24700K .......... .......... .......... .......... .......... 73%  101M 0s
 24750K .......... .......... .......... .......... .......... 73% 75.7M 0s
 24800K .......... .......... .......... .......... .......... 73% 89.8M 0s
 24850K .......... .......... .......... .......... .......... 73% 96.9M 0s
 24900K .......... .......... .......... .......... .......... 73% 85.8M 0s
 24950K .......... .......... .......... .......... .......... 73% 93.6M 0s
 25000K .......... .......... .......... .......... .......... 74% 96.5M 0s
 25050K .......... .......... .......... .......... .......... 74% 95.9M 0s
 25100K .......... .......... .......... .......... .......... 74%  104M 0s
 25150K .......... .......... .......... .......... .......... 74% 82.1M 0s
 25200K .......... .......... .......... .......... .......... 74%  102M 0s
 25250K .......... .......... .......... .......... .......... 74%  104M 0s
 25300K .......... .......... .......... .......... .......... 74% 93.8M 0s
 25350K .......... .......... .......... .......... .......... 75% 87.0M 0s
 25400K .......... .......... .......... .......... .......... 75%  101M 0s
 25450K .......... .......... .......... .......... .......... 75%  102M 0s
 25500K .......... .......... .......... .......... .......... 75% 80.0M 0s
 25550K .......... .......... .......... .......... .......... 75% 94.4M 0s
 25600K .......... .......... .......... .......... .......... 75% 97.4M 0s
 25650K .......... .......... .......... .......... .......... 75%  103M 0s
 25700K .......... .......... .......... .......... .......... 76% 95.5M 0s
 25750K .......... .......... .......... .......... .......... 76% 92.2M 0s
 25800K .......... .......... .......... .......... .......... 76% 92.2M 0s
 25850K .......... .......... .......... .......... .......... 76% 89.2M 0s
 25900K .......... .......... .......... .......... .......... 76% 74.7M 0s
 25950K .......... .......... .......... .......... .......... 76% 91.8M 0s
 26000K .......... .......... .......... .......... .......... 77% 90.0M 0s
 26050K .......... .......... .......... .......... .......... 77% 92.0M 0s
 26100K .......... .......... .......... .......... .......... 77% 92.1M 0s
 26150K .......... .......... .......... .......... .......... 77%  101M 0s
 26200K .......... .......... .......... .......... .......... 77%  104M 0s
 26250K .......... .......... .......... .......... .......... 77% 93.5M 0s
 26300K .......... .......... .......... .......... .......... 77% 75.7M 0s
 26350K .......... .......... .......... .......... .......... 78%  103M 0s
 26400K .......... .......... .......... .......... .......... 78%  102M 0s
 26450K .......... .......... .......... .......... .......... 78% 94.1M 0s
 26500K .......... .......... .......... .......... .......... 78% 94.0M 0s
 26550K .......... .......... .......... .......... .......... 78%  105M 0s
 26600K .......... .......... .......... .......... .......... 78%  103M 0s
 26650K .......... .......... .......... .......... .......... 78% 78.1M 0s
 26700K .......... .......... .......... .......... .......... 79% 96.0M 0s
 26750K .......... .......... .......... .......... .......... 79% 98.9M 0s
 26800K .......... .......... .......... .......... .......... 79%  100M 0s
 26850K .......... .......... .......... .......... .......... 79% 95.5M 0s
 26900K .......... .......... .......... .......... .......... 79% 98.2M 0s
 26950K .......... .......... .......... .......... .......... 79% 98.4M 0s
 27000K .......... .......... .......... .......... .......... 79%  101M 0s
 27050K .......... .......... .......... .......... .......... 80% 81.5M 0s
 27100K .......... .......... .......... .......... .......... 80% 97.6M 0s
 27150K .......... .......... .......... .......... .......... 80%  100M 0s
 27200K .......... .......... .......... .......... .......... 80%  101M 0s
 27250K .......... .......... .......... .......... .......... 80% 94.7M 0s
 27300K .......... .......... .......... .......... .......... 80% 99.2M 0s
 27350K .......... .......... .......... .......... .......... 81%  102M 0s
 27400K .......... .......... .......... .......... .......... 81% 99.3M 0s
 27450K .......... .......... .......... .......... .......... 81% 81.1M 0s
 27500K .......... .......... .......... .......... .......... 81% 96.4M 0s
 27550K .......... .......... .......... .......... .......... 81%  102M 0s
 27600K .......... .......... .......... .......... .......... 81% 96.4M 0s
 27650K .......... .......... .......... .......... .......... 81%  104M 0s
 27700K .......... .......... .......... .......... .......... 82% 94.3M 0s
 27750K .......... .......... .......... .......... .......... 82% 93.3M 0s
 27800K .......... .......... .......... .......... .......... 82% 78.1M 0s
 27850K .......... .......... .......... .......... .......... 82%  103M 0s
 27900K .......... .......... .......... .......... .......... 82%  103M 0s
 27950K .......... .......... .......... .......... .......... 82% 98.3M 0s
 28000K .......... .......... .......... .......... .......... 82% 93.3M 0s
 28050K .......... .......... .......... .......... .......... 83% 99.7M 0s
 28100K .......... .......... .......... .......... .......... 83% 96.4M 0s
 28150K .......... .......... .......... .......... .......... 83% 97.3M 0s
 28200K .......... .......... .......... .......... .......... 83% 77.7M 0s
 28250K .......... .......... .......... .......... .......... 83%  102M 0s
 28300K .......... .......... .......... .......... .......... 83%  102M 0s
 28350K .......... .......... .......... .......... .......... 83%  101M 0s
 28400K .......... .......... .......... .......... .......... 84% 97.7M 0s
 28450K .......... .......... .......... .......... .......... 84%  104M 0s
 28500K .......... .......... .......... .......... .......... 84%  101M 0s
 28550K .......... .......... .......... .......... .......... 84% 79.8M 0s
 28600K .......... .......... .......... .......... .......... 84%  101M 0s
 28650K .......... .......... .......... .......... .......... 84%  101M 0s
 28700K .......... .......... .......... .......... .......... 84%  102M 0s
 28750K .......... .......... .......... .......... .......... 85% 96.7M 0s
 28800K .......... .......... .......... .......... .......... 85% 99.8M 0s
 28850K .......... .......... .......... .......... .......... 85%  100M 0s
 28900K .......... .......... .......... .......... .......... 85% 98.0M 0s
 28950K .......... .......... .......... .......... .......... 85% 81.0M 0s
 29000K .......... .......... .......... .......... .......... 85% 96.3M 0s
 29050K .......... .......... .......... .......... .......... 86%  104M 0s
 29100K .......... .......... .......... .......... .......... 86%  101M 0s
 29150K .......... .......... .......... .......... .......... 86% 98.6M 0s
 29200K .......... .......... .......... .......... .......... 86% 96.2M 0s
 29250K .......... .......... .......... .......... .......... 86% 96.1M 0s
 29300K .......... .......... .......... .......... .......... 86% 96.3M 0s
 29350K .......... .......... .......... .......... .......... 86% 77.7M 0s
 29400K .......... .......... .......... .......... .......... 87%  102M 0s
 29450K .......... .......... .......... .......... .......... 87% 98.4M 0s
 29500K .......... .......... .......... .......... .......... 87% 99.2M 0s
 29550K .......... .......... .......... .......... .......... 87% 90.3M 0s
 29600K .......... .......... .......... .......... .......... 87% 93.1M 0s
 29650K .......... .......... .......... .......... .......... 87% 97.9M 0s
 29700K .......... .......... .......... .......... .......... 87% 72.8M 0s
 29750K .......... .......... .......... .......... .......... 88% 94.7M 0s
 29800K .......... .......... .......... .......... .......... 88% 99.8M 0s
 29850K .......... .......... .......... .......... .......... 88%  102M 0s
 29900K .......... .......... .......... .......... .......... 88% 84.9M 0s
 29950K .......... .......... .......... .......... .......... 88% 91.2M 0s
 30000K .......... .......... .......... .......... .......... 88%  100M 0s
 30050K .......... .......... .......... .......... .......... 88% 96.5M 0s
 30100K .......... .......... .......... .......... .......... 89% 80.1M 0s
 30150K .......... .......... .......... .......... .......... 89% 98.5M 0s
 30200K .......... .......... .......... .......... .......... 89% 99.1M 0s
 30250K .......... .......... .......... .......... .......... 89% 85.8M 0s
 30300K .......... .......... .......... .......... .......... 89% 89.5M 0s
 30350K .......... .......... .......... .......... .......... 89%  102M 0s
 30400K .......... .......... .......... .......... .......... 90% 92.1M 0s
 30450K .......... .......... .......... .......... .......... 90% 97.7M 0s
 30500K .......... .......... .......... .......... .......... 90% 77.4M 0s
 30550K .......... .......... .......... .......... .......... 90% 99.5M 0s
 30600K .......... .......... .......... .......... .......... 90% 99.3M 0s
 30650K .......... .......... .......... .......... .......... 90% 95.1M 0s
 30700K .......... .......... .......... .......... .......... 90% 91.6M 0s
 30750K .......... .......... .......... .......... .......... 91%  102M 0s
 30800K .......... .......... .......... .......... .......... 91% 99.2M 0s
 30850K .......... .......... .......... .......... .......... 91% 76.4M 0s
 30900K .......... .......... .......... .......... .......... 91% 99.7M 0s
 30950K .......... .......... .......... .......... .......... 91%  101M 0s
 31000K .......... .......... .......... .......... .......... 91% 97.5M 0s
 31050K .......... .......... .......... .......... .......... 91% 96.5M 0s
 31100K .......... .......... .......... .......... .......... 92%  102M 0s
 31150K .......... .......... .......... .......... .......... 92% 94.5M 0s
 31200K .......... .......... .......... .......... .......... 92% 96.3M 0s
 31250K .......... .......... .......... .......... .......... 92% 80.6M 0s
 31300K .......... .......... .......... .......... .......... 92%  101M 0s
 31350K .......... .......... .......... .......... .......... 92% 98.7M 0s
 31400K .......... .......... .......... .......... .......... 92% 90.7M 0s
 31450K .......... .......... .......... .......... .......... 93% 96.1M 0s
 31500K .......... .......... .......... .......... .......... 93% 99.5M 0s
 31550K .......... .......... .......... .......... .......... 93%  101M 0s
 31600K .......... .......... .......... .......... .......... 93%  101M 0s
 31650K .......... .......... .......... .......... .......... 93% 76.7M 0s
 31700K .......... .......... .......... .......... .......... 93% 99.3M 0s
 31750K .......... .......... .......... .......... .......... 94%  101M 0s
 31800K .......... .......... .......... .......... .......... 94% 87.8M 0s
 31850K .......... .......... .......... .......... .......... 94% 96.6M 0s
 31900K .......... .......... .......... .......... .......... 94% 94.7M 0s
 31950K .......... .......... .......... .......... .......... 94% 93.3M 0s
 32000K .......... .......... .......... .......... .......... 94% 78.3M 0s
 32050K .......... .......... .......... .......... .......... 94%  102M 0s
 32100K .......... .......... .......... .......... .......... 95%  100M 0s
 32150K .......... .......... .......... .......... .......... 95% 96.7M 0s
 32200K .......... .......... .......... .......... .......... 95% 90.6M 0s
 32250K .......... .......... .......... .......... .......... 95% 95.4M 0s
 32300K .......... .......... .......... .......... .......... 95% 96.5M 0s
 32350K .......... .......... .......... .......... .......... 95%  101M 0s
 32400K .......... .......... .......... .......... .......... 95% 76.9M 0s
 32450K .......... .......... .......... .......... .......... 96% 94.8M 0s
 32500K .......... .......... .......... .......... .......... 96% 85.1M 0s
 32550K .......... .......... .......... .......... .......... 96% 92.9M 0s
 32600K .......... .......... .......... .......... .......... 96% 93.9M 0s
 32650K .......... .......... .......... .......... .......... 96% 96.9M 0s
 32700K .......... .......... .......... .......... .......... 96% 93.1M 0s
 32750K .......... .......... .......... .......... .......... 96% 78.5M 0s
 32800K .......... .......... .......... .......... .......... 97% 98.3M 0s
 32850K .......... .......... .......... .......... .......... 97%  104M 0s
 32900K .......... .......... .......... .......... .......... 97% 98.0M 0s
 32950K .......... .......... .......... .......... .......... 97% 92.2M 0s
 33000K .......... .......... .......... .......... .......... 97% 89.8M 0s
 33050K .......... .......... .......... .......... .......... 97%  100M 0s
 33100K .......... .......... .......... .......... .......... 98%  100M 0s
 33150K .......... .......... .......... .......... .......... 98% 80.9M 0s
 33200K .......... .......... .......... .......... .......... 98% 94.1M 0s
 33250K .......... .......... .......... .......... .......... 98%  101M 0s
 33300K .......... .......... .......... .......... .......... 98% 98.2M 0s
 33350K .......... .......... .......... .......... .......... 98% 94.4M 0s
 33400K .......... .......... .......... .......... .......... 98% 93.8M 0s
 33450K .......... .......... .......... .......... .......... 99% 97.3M 0s
 33500K .......... .......... .......... .......... .......... 99% 28.7M 0s
 33550K .......... .......... .......... .......... .......... 99% 76.1M 0s
 33600K .......... .......... .......... .......... .......... 99%  103M 0s
 33650K .......... .......... .......... .......... .......... 99% 94.6M 0s
 33700K .......... .......... .......... .......... .......... 99% 98.3M 0s
 33750K .......... .......... .......... .......... .......... 99%  102M 0s
 33800K .......... .......... ....                            100%  115M=0.4s

2025-03-27 05:03:42 (86.4 MB/s) - 'MG5_aMC_v2.6.5.tar.gz' saved [34635867/34635867]

patching file models/loop_qcd_qed_sm/restrict_lepton_masses_no_lepton_yukawas.dat
patching file models/loop_sm/restrict_ckm_no_b_mass.dat
patching file models/sm/restrict_ckm_lepton_masses.dat
patching file models/sm/restrict_ckm_lepton_masses_no_b_mass.dat
patching file models/sm/restrict_ckm_no_b_mass.dat
patching file models/sm/restrict_lepton_masses_no_b_mass.dat
patching file Template/NLO/SubProcesses/MCmasses_PYTHIA8.inc
patching file madgraph/interface/reweight_interface.py
patching file madgraph/interface/loop_interface.py
patching file madgraph/various/systematics.py
patching file Template/LO/Source/.make_opts
Hunk #1 succeeded at 118 (offset 4 lines).
patching file Template/NLO/Source/make_opts.inc
patching file madgraph/iolibs/export_v4.py
Hunk #1 succeeded at 521 (offset 23 lines).
patching file madgraph/iolibs/template_files/pdf_opendata.f
patching file madgraph/iolibs/template_files/pdf_wrap_lhapdf.f
Hunk #2 succeeded at 38 with fuzz 1.
patching file Template/LO/SubProcesses/refine.sh
patching file Template/LO/SubProcesses/refine_splitted.sh
patching file Template/LO/SubProcesses/survey.sh
patching file Template/NLO/SubProcesses/ajob_template
patching file Template/NLO/SubProcesses/reweight_xsec_events.local
patching file Template/LO/Source/.make_opts
Hunk #1 succeeded at 100 (offset 4 lines).
patching file Template/LO/Source/PDF/pdf_lhapdf6.cc
Hunk #1 succeeded at 16 with fuzz 2 (offset 4 lines).
patching file Template/NLO/Source/PDF/pdf_lhapdf6.cc
Hunk #1 succeeded at 16 with fuzz 2 (offset 4 lines).
patching file Template/NLO/Source/make_opts.inc
patching file madgraph/iolibs/template_files/pdf_wrap_lhapdf.f
patching file Template/LO/SubProcesses/refine.sh
Hunk #3 succeeded at 113 with fuzz 2.
patching file Template/LO/SubProcesses/refine_splitted.sh
patching file Template/LO/SubProcesses/survey.sh
patching file Template/NLO/SubProcesses/ajob_template
patching file Template/NLO/SubProcesses/reweight_xsec_events.local
patching file madgraph/interface/reweight_interface.py
Hunk #1 succeeded at 1885 (offset 37 lines).
patching file madgraph/interface/common_run_interface.py
Hunk #1 succeeded at 1701 (offset 101 lines).
patching file Template/LO/SubProcesses/refine.sh
patching file Template/LO/SubProcesses/refine_splitted.sh
patching file Template/LO/SubProcesses/survey.sh
patching file Template/NLO/SubProcesses/ajob_template
patching file Template/NLO/SubProcesses/reweight_xsec_events.local
patching file madgraph/various/misc.py
Hunk #1 succeeded at 450 (offset 48 lines).
patching file madgraph/interface/amcatnlo_run_interface.py
patching file madgraph/interface/madevent_interface.py
Hunk #1 succeeded at 6598 (offset 17 lines).
Hunk #2 succeeded at 6614 (offset 17 lines).
patching file madgraph/interface/reweight_interface.py
Hunk #2 succeeded at 1696 (offset 25 lines).
patching file MadSpin/decay.py
patching file Template/NLO/SubProcesses/handling_lhe_events.f
patching file madgraph/interface/amcatnlo_run_interface.py
patching file madgraph/interface/reweight_interface.py
Hunk #1 succeeded at 644 (offset 1 line).
Hunk #2 succeeded at 1788 (offset 7 lines).
patching file Template/NLO/SubProcesses/driver_mintFO.f
patching file Template/NLO/SubProcesses/driver_mintMC.f
patching file madgraph/core/helas_objects.py
patching file MadSpin/interface_madspin.py
patching file Template/LO/Source/PDF/PhotonFlux.f
patching file madgraph/interface/madevent_interface.py
patching file madgraph/interface/madgraph_interface.py
patching file Template/LO/bin/internal/restore_data
patching file madgraph/interface/madevent_interface.py
patching file madgraph/interface/madevent_interface.py
patching file Template/loop_material/StandAlone/SubProcesses/MadLoopCommons.inc
patching file MadSpin/interface_madspin.py
patching file madgraph/interface/common_run_interface.py
patching file MadSpin/interface_madspin.py
patching file madgraph/interface/amcatnlo_run_interface.py
Hunk #5 succeeded at 4324 (offset 1 line).
Hunk #6 succeeded at 5105 (offset 1 line).
Hunk #7 succeeded at 5440 (offset 1 line).
patching file madgraph/various/cluster.py
patching file madgraph/interface/reweight_interface.py
Hunk #1 succeeded at 751 with fuzz 1 (offset 1 line).
patching file madgraph/interface/madgraph_interface.py
ls: cannot access /afs/cern.ch/user/h/harshul/private/azhRunIIsamples/genproductions/bin/MadGraph5_aMCatNLO/cards/production/2017/13TeV/AZHToLLtt/AZHToLLtt_mA900_mH400/AZHToLLtt_mA900_mH400*.patch: No such file or directory
************************************************************
*                                                          *
*                     W E L C O M E to                     *
*              M A D G R A P H 5 _ a M C @ N L O           *
*                                                          *
*                                                          *
*                 *                       *                *
*                   *        * *        *                  *
*                     * * * * 5 * * * *                    *
*                   *        * *        *                  *
*                 *                       *                *
*                                                          *
*         VERSION 2.6.5                 2018-02-03         *
*                                                          *
*    The MadGraph5_aMC@NLO Development Team - Find us at   *
*    https://server06.fynu.ucl.ac.be/projects/madgraph     *
*                            and                           *
*            http://amcatnlo.web.cern.ch/amcatnlo/         *
*                                                          *
*               Type 'help' for in-line help.              *
*           Type 'tutorial' to learn how MG5 works         *
*    Type 'tutorial aMCatNLO' to learn how aMC@NLO works   *
*    Type 'tutorial MadLoop' to learn how MadLoop works    *
*                                                          *
************************************************************
load MG5 configuration from input/mg5_configuration.txt 
fastjet-config does not seem to correspond to a valid fastjet-config executable (v3+). We will use fjcore instead.
 Please set the 'fastjet'variable to the full (absolute) /PATH/TO/fastjet-config (including fastjet-config).
 MG5_aMC> set fastjet /PATH/TO/fastjet-config

set lhapdf to lhapdf-config
No valid eps viewer found. Please set in ./input/mg5_configuration.txt
No valid web browser found. Please set in ./input/mg5_configuration.txt
import /afs/cern.ch/user/h/harshul/private/azhRunIIsamples/genproductions/bin/MadGraph5_aMCatNLO/AZHToLLtt_mA900_mH400/AZHToLLtt_mA900_mH400_gridpack/work/MG5_aMC_v2_6_5/mgconfigscript
The import format was not given, so we guess it as command
set auto_update 0
save options auto_update
save configuration file to /afs/cern.ch/user/h/harshul/private/azhRunIIsamples/genproductions/bin/MadGraph5_aMCatNLO/AZHToLLtt_mA900_mH400/AZHToLLtt_mA900_mH400_gridpack/work/MG5_aMC_v2_6_5/input/mg5_configuration.txt
set automatic_html_opening False
This option will be the default in any output that you are going to create in this session.
In order to keep this changes permanent please run 'save options'
set lhapdf /cvmfs/cms.cern.ch/slc7_amd64_gcc700/external/lhapdf/6.2.1-pafccj3/share/LHAPDF/../../bin/lhapdf-config
set lhapdf to /cvmfs/cms.cern.ch/slc7_amd64_gcc700/external/lhapdf/6.2.1-pafccj3/share/LHAPDF/../../bin/lhapdf-config
save options lhapdf
save configuration file to /afs/cern.ch/user/h/harshul/private/azhRunIIsamples/genproductions/bin/MadGraph5_aMCatNLO/AZHToLLtt_mA900_mH400/AZHToLLtt_mA900_mH400_gridpack/work/MG5_aMC_v2_6_5/input/mg5_configuration.txt
set run_mode 2
This option will be the default in any output that you are going to create in this session.
In order to keep this changes permanent please run 'save options'
save options
save configuration file to /afs/cern.ch/user/h/harshul/private/azhRunIIsamples/genproductions/bin/MadGraph5_aMCatNLO/AZHToLLtt_mA900_mH400/AZHToLLtt_mA900_mH400_gridpack/work/MG5_aMC_v2_6_5/input/mg5_configuration.txt
quit
Loading extra models specified in /afs/cern.ch/user/h/harshul/private/azhRunIIsamples/genproductions/bin/MadGraph5_aMCatNLO/cards/production/2017/13TeV/AZHToLLtt/AZHToLLtt_mA900_mH400/AZHToLLtt_mA900_mH400_extramodels.dat
Loading extra model 2HDMtII_NLO.tar.gz
--2025-03-27 05:03:59--  https://cms-project-generators.web.cern.ch/cms-project-generators/2HDMtII_NLO.tar.gz
Resolving cms-project-generators.web.cern.ch (cms-project-generators.web.cern.ch)... 2001:1458:d00:16::41d, 2001:1458:d00:65::100:265, 2001:1458:d00:62::100:2e8, ...
Connecting to cms-project-generators.web.cern.ch (cms-project-generators.web.cern.ch)|2001:1458:d00:16::41d|:443... connected.
HTTP request sent, awaiting response... 200 OK
Length: 32064 (31K) [application/x-gzip]
Saving to: '2HDMtII_NLO.tar.gz'

     0K .......... .......... .......... .                    100% 98.0M=0s

2025-03-27 05:03:59 (98.0 MB/s) - '2HDMtII_NLO.tar.gz' saved [32064/32064]

2HDMtII_NLO/2HDMtII_NLO.log
2HDMtII_NLO/CT_couplings.py
2HDMtII_NLO/CT_vertices.py
2HDMtII_NLO/__init__.py
2HDMtII_NLO/coupling_orders.py
2HDMtII_NLO/couplings.py
2HDMtII_NLO/decays.py
2HDMtII_NLO/function_library.py
2HDMtII_NLO/lorentz.py
2HDMtII_NLO/object_library.py
2HDMtII_NLO/parameters.py
2HDMtII_NLO/particles.py
2HDMtII_NLO/propagators.py
2HDMtII_NLO/vertices.py
2HDMtII_NLO/write_param_card.py
/afs/cern.ch/user/h/harshul/private/azhRunIIsamples/genproductions/bin/MadGraph5_aMCatNLO/AZHToLLtt_mA900_mH400/AZHToLLtt_mA900_mH400_gridpack/work
************************************************************
*                                                          *
*                     W E L C O M E to                     *
*              M A D G R A P H 5 _ a M C @ N L O           *
*                                                          *
*                                                          *
*                 *                       *                *
*                   *        * *        *                  *
*                     * * * * 5 * * * *                    *
*                   *        * *        *                  *
*                 *                       *                *
*                                                          *
*         VERSION 2.6.5                 2018-02-03         *
*                                                          *
*    The MadGraph5_aMC@NLO Development Team - Find us at   *
*    https://server06.fynu.ucl.ac.be/projects/madgraph     *
*                            and                           *
*            http://amcatnlo.web.cern.ch/amcatnlo/         *
*                                                          *
*               Type 'help' for in-line help.              *
*           Type 'tutorial' to learn how MG5 works         *
*    Type 'tutorial aMCatNLO' to learn how aMC@NLO works   *
*    Type 'tutorial MadLoop' to learn how MadLoop works    *
*                                                          *
************************************************************
load MG5 configuration from MG5_aMC_v2_6_5/input/mg5_configuration.txt 
None does not seem to correspond to a valid fastjet-config executable (v3+). We will use fjcore instead.
 Please set the 'fastjet'variable to the full (absolute) /PATH/TO/fastjet-config (including fastjet-config).
 MG5_aMC> set fastjet /PATH/TO/fastjet-config

set lhapdf to /cvmfs/cms.cern.ch/slc7_amd64_gcc700/external/lhapdf/6.2.1-pafccj3/share/LHAPDF/../../bin/lhapdf-config
No valid eps viewer found. Please set in ./input/mg5_configuration.txt
No valid web browser found. Please set in ./input/mg5_configuration.txt
import /afs/cern.ch/user/h/harshul/private/azhRunIIsamples/genproductions/bin/MadGraph5_aMCatNLO/AZHToLLtt_mA900_mH400/AZHToLLtt_mA900_mH400_gridpack/work/AZHToLLtt_mA900_mH400_proc_card.dat
The import format was not given, so we guess it as command
set group_subprocesses Auto
Set group_subprocesses to Auto
Note that you need to regenerate all processes
set ignore_six_quark_processes False
set gauge unitary
Passing to gauge unitary.
set complex_mass_scheme False
Complex mass already desactivated.
import model 2HDMtII_NLO
INFO: load particles 
INFO: load vertices 
INFO: Change particles name to pass to MG5 convention 
Defined multiparticle p = g u c d s u~ c~ d~ s~
Defined multiparticle j = g u c d s u~ c~ d~ s~
Defined multiparticle l+ = e+ mu+
Defined multiparticle l- = e- mu-
Defined multiparticle vl = ve vm vt
Defined multiparticle vl~ = ve~ vm~ vt~
Defined multiparticle all = g ghg ghg~ u c d s u~ c~ d~ s~ a gha gha~ ve vm vt e- mu- ta- ve~ vm~ vt~ e+ mu+ ta+ t b t~ b~ z w+ ghz ghwp ghwm h+ h1 h2 h3 w- ghz~ ghwp~ ghwm~ h-
define l+ = e+ mu+ ta+
Defined multiparticle l+ = e+ mu+ ta+
define l- = e- mu- ta-
Defined multiparticle l- = e- mu- ta-
generate p p > h3 > h2 z [QCD]
[1m------------------------------------------------------------------------[0m
[1m No Born diagrams found. Now switching to the loop-induced mode.        [0m
[1m Please cite ref. 'arXiv:1507.00020' when using results from this mode. [0m
[1m------------------------------------------------------------------------[0m
[1;34mWARNING: Some loop diagrams contributing to this process are discarded because they are not pure (QCD)-perturbation.
Make sure you did not want to include them. [0m
[1;34mWARNING: Some loop diagrams contributing to this process are discarded because they are not pure (QCD)-perturbation.
Make sure you did not want to include them. [0m
[1;34mWARNING: Some loop diagrams contributing to this process are discarded because they are not pure (QCD)-perturbation.
Make sure you did not want to include them. [0m
[1;34mWARNING: Some loop diagrams contributing to this process are discarded because they are not pure (QCD)-perturbation.
Make sure you did not want to include them. [0m
1 processes with 4 diagrams generated in 3.256 s
Total: 1 processes with 4 diagrams
output AZHToLLtt_mA900_mH400 -nojpeg
[1;34mPlugin PLUGIN.CMS_CLUSTER has marked as NOT being validated with this version. 
It has been validated for the last time with version: 2.6.0[0m
[1mFirst output using loop matrix-elements has been detected. Now asking for loop reduction:[0m
For loop computations, MadLoop requires dedicated tools to perform the reduction of loop Feynman diagrams using OPP-based and/or TIR approaches.

Which one do you want to install? (this needs to be done only once)
1. [34mcuttools  (OPP) [0711.3596]  [0m : will be installed (required)
2. [34miregi     (TIR) [1405.0301]  [0m : will be installed (required)
3. [34mninja     (OPP) [1403.1229]  [0m : [92mwill be installed [0m(recommended)
4. [34mcollier   (TIR) [1604.06792] [0m : [91mdo not install[0m
5. [34mgolem     (TIR) [0807.0605]  [0m : [91mdo not install[0m
You can:
 -> hit 'enter' to proceed
 -> type a number to cycle its options
 -> enter the following command:
    [34m{tool_name}[0m [[34minstall[0m|[34mnoinstall[0m|[34m{prefixed_installation_path}[0m]

[1m[91mIf you are unsure about what this question means, just type enter to proceed. [0m
[1;34mfound line : display multiparticles[0m
[1;34mThis answer is not valid for current question. Keep it for next question and use here default: 0[0m
set golem ''
save options golem
save configuration file to /afs/cern.ch/user/h/harshul/private/azhRunIIsamples/genproductions/bin/MadGraph5_aMCatNLO/AZHToLLtt_mA900_mH400/AZHToLLtt_mA900_mH400_gridpack/work/MG5_aMC_v2_6_5/input/mg5_configuration.txt
save options golem
save configuration file to /afs/cern.ch/user/h/harshul/private/azhRunIIsamples/genproductions/bin/MadGraph5_aMCatNLO/AZHToLLtt_mA900_mH400/AZHToLLtt_mA900_mH400_gridpack/work/MG5_aMC_v2_6_5/input/mg5_configuration.txt
set pjfry ''
save options pjfry
save configuration file to /afs/cern.ch/user/h/harshul/private/azhRunIIsamples/genproductions/bin/MadGraph5_aMCatNLO/AZHToLLtt_mA900_mH400/AZHToLLtt_mA900_mH400_gridpack/work/MG5_aMC_v2_6_5/input/mg5_configuration.txt
save options pjfry
save configuration file to /afs/cern.ch/user/h/harshul/private/azhRunIIsamples/genproductions/bin/MadGraph5_aMCatNLO/AZHToLLtt_mA900_mH400/AZHToLLtt_mA900_mH400_gridpack/work/MG5_aMC_v2_6_5/input/mg5_configuration.txt
set collier ''
save options collier
save configuration file to /afs/cern.ch/user/h/harshul/private/azhRunIIsamples/genproductions/bin/MadGraph5_aMCatNLO/AZHToLLtt_mA900_mH400/AZHToLLtt_mA900_mH400_gridpack/work/MG5_aMC_v2_6_5/input/mg5_configuration.txt
save options collier
save configuration file to /afs/cern.ch/user/h/harshul/private/azhRunIIsamples/genproductions/bin/MadGraph5_aMCatNLO/AZHToLLtt_mA900_mH400/AZHToLLtt_mA900_mH400_gridpack/work/MG5_aMC_v2_6_5/input/mg5_configuration.txt
install ninja
[1m   You are installing 'ninja', please cite ref(s): [92marXiv:1203.0291, arXiv:1403.1229, arXiv:1604.01363[0m. [0m
Downloading the HEPToolInstaller at:
   http://madgraph.phys.ucl.ac.be//Downloads/HEPToolsInstaller/HEPToolsInstaller_V168.tar.gz
Now installing ninja. Be patient...
Detected 'ninja' missing dependency: 'oneloop'. Will install it now.
Fetching data with command:
  wget --no-check-certificate http://helac-phegas.web.cern.ch/helac-phegas/tar-files/OneLOop-3.6.tgz
--2025-03-27 05:04:04--  http://helac-phegas.web.cern.ch/helac-phegas/tar-files/OneLOop-3.6.tgz
Resolving helac-phegas.web.cern.ch (helac-phegas.web.cern.ch)... 188.184.100.128
Connecting to helac-phegas.web.cern.ch (helac-phegas.web.cern.ch)|188.184.100.128|:80... connected.
HTTP request sent, awaiting response... 301 Moved Permanently
Location: https://helac-phegas.web.cern.ch/tar-files/OneLOop-3.6.tgz [following]
--2025-03-27 05:04:04--  https://helac-phegas.web.cern.ch/tar-files/OneLOop-3.6.tgz
Connecting to helac-phegas.web.cern.ch (helac-phegas.web.cern.ch)|188.184.100.128|:443... connected.
HTTP request sent, awaiting response... 200 OK
Length: 111734 (109K) [application/x-compressed]
Saving to: 'OneLOop-3.6.tgz'

     0K .......... .......... .......... .......... .......... 45% 42.1M 0s
    50K .......... .......... .......... .......... .......... 91% 71.1M 0s
   100K .........                                             100%  227M=0.002s

2025-03-27 05:04:04 (56.5 MB/s) - 'OneLOop-3.6.tgz' saved [111734/111734]

Installing tool 'oneloop'...
    > Follow the installation progress by running the command below in a separate terminal)
    > tail -f /afs/cern.ch/user/h/harshul/private/azhRunIIsamples/genproductions/bin/MadGraph5_aMCatNLO/AZHToLLtt_mA900_mH400/AZHToLLtt_mA900_mH400_gridpack/work/MG5_aMC_v2_6_5/HEPTools/oneloop/oneloop_install.log
    > Successful installation of dependency 'oneloop' in '/afs/cern.ch/user/h/harshul/private/azhRunIIsamples/genproductions/bin/MadGraph5_aMCatNLO/AZHToLLtt_mA900_mH400/AZHToLLtt_mA900_mH400_gridpack/work/MG5_aMC_v2_6_5/HEPTools'.
    > See installation log at '/afs/cern.ch/user/h/harshul/private/azhRunIIsamples/genproductions/bin/MadGraph5_aMCatNLO/AZHToLLtt_mA900_mH400/AZHToLLtt_mA900_mH400_gridpack/work/MG5_aMC_v2_6_5/HEPTools/oneloop/oneloop_install.log'.
Fetching data with command:
  wget --no-check-certificate https://github.com/peraro/ninja/releases/latest/download/ninja-latest.tar.gz
--2025-03-27 05:04:12--  https://github.com/peraro/ninja/releases/latest/download/ninja-latest.tar.gz
Resolving github.com (github.com)... 140.82.121.3
Connecting to github.com (github.com)|140.82.121.3|:443... connected.
HTTP request sent, awaiting response... 302 Found
Location: https://github.com/peraro/ninja/releases/download/v1.2.0/ninja-latest.tar.gz [following]
--2025-03-27 05:04:12--  https://github.com/peraro/ninja/releases/download/v1.2.0/ninja-latest.tar.gz
Reusing existing connection to github.com:443.
HTTP request sent, awaiting response... 302 Found
Location: https://objects.githubusercontent.com/github-production-release-asset-2e65be/257335325/9041f080-8334-11ea-989a-e10afb59da53?X-Amz-Algorithm=AWS4-HMAC-SHA256&X-Amz-Credential=releaseassetproduction%2F20250327%2Fus-east-1%2Fs3%2Faws4_request&X-Amz-Date=20250327T040413Z&X-Amz-Expires=300&X-Amz-Signature=fcfd00da19eff24b40c049cfd02d17a1a57b5d55e0ab909d92e35d8c7e9edcf4&X-Amz-SignedHeaders=host&response-content-disposition=attachment%3B%20filename%3Dninja-latest.tar.gz&response-content-type=application%2Foctet-stream [following]
--2025-03-27 05:04:13--  https://objects.githubusercontent.com/github-production-release-asset-2e65be/257335325/9041f080-8334-11ea-989a-e10afb59da53?X-Amz-Algorithm=AWS4-HMAC-SHA256&X-Amz-Credential=releaseassetproduction%2F20250327%2Fus-east-1%2Fs3%2Faws4_request&X-Amz-Date=20250327T040413Z&X-Amz-Expires=300&X-Amz-Signature=fcfd00da19eff24b40c049cfd02d17a1a57b5d55e0ab909d92e35d8c7e9edcf4&X-Amz-SignedHeaders=host&response-content-disposition=attachment%3B%20filename%3Dninja-latest.tar.gz&response-content-type=application%2Foctet-stream
Resolving objects.githubusercontent.com (objects.githubusercontent.com)... 185.199.111.133, 185.199.109.133, 185.199.108.133, ...
Connecting to objects.githubusercontent.com (objects.githubusercontent.com)|185.199.111.133|:443... connected.
HTTP request sent, awaiting response... 200 OK
Length: 595807 (582K) [application/octet-stream]
Saving to: 'ninja-latest.tar.gz'

     0K .......... .......... .......... .......... ..........  8% 4.26M 0s
    50K .......... .......... .......... .......... .......... 17% 5.22M 0s
   100K .......... .......... .......... .......... .......... 25% 7.50M 0s
   150K .......... .......... .......... .......... .......... 34% 26.3M 0s
   200K .......... .......... .......... .......... .......... 42% 30.9M 0s
   250K .......... .......... .......... .......... .......... 51% 32.7M 0s
   300K .......... .......... .......... .......... .......... 60% 10.2M 0s
   350K .......... .......... .......... .......... .......... 68% 98.9M 0s
   400K .......... .......... .......... .......... .......... 77% 49.8M 0s
   450K .......... .......... .......... .......... .......... 85% 34.2M 0s
   500K .......... .......... .......... .......... .......... 94% 57.2M 0s
   550K .......... .......... .......... .                    100%  117M=0.04s

2025-03-27 05:04:13 (13.8 MB/s) - 'ninja-latest.tar.gz' saved [595807/595807]

Installing tool 'ninja'...
    > Follow the installation progress by running the command below in a separate terminal)
    > tail -f /afs/cern.ch/user/h/harshul/private/azhRunIIsamples/genproductions/bin/MadGraph5_aMCatNLO/AZHToLLtt_mA900_mH400/AZHToLLtt_mA900_mH400_gridpack/work/MG5_aMC_v2_6_5/HEPTools/ninja/ninja_install.log
Successful installation of 'ninja' in '/afs/cern.ch/user/h/harshul/private/azhRunIIsamples/genproductions/bin/MadGraph5_aMCatNLO/AZHToLLtt_mA900_mH400/AZHToLLtt_mA900_mH400_gridpack/work/MG5_aMC_v2_6_5/HEPTools'.
('RETURN CODE AT PYTHON:', 0)
('RETURN CODE AT PYTHON:', 0)
[1;32mninja successfully installed in /afs/cern.ch/user/h/harshul/private/azhRunIIsamples/genproductions/bin/MadGraph5_aMCatNLO/AZHToLLtt_mA900_mH400/AZHToLLtt_mA900_mH400_gridpack/work/MG5_aMC_v2_6_5/HEPTools.[0m
save configuration file to /afs/cern.ch/user/h/harshul/private/azhRunIIsamples/genproductions/bin/MadGraph5_aMCatNLO/AZHToLLtt_mA900_mH400/AZHToLLtt_mA900_mH400_gridpack/work/MG5_aMC_v2_6_5/input/mg5_configuration.txt
INFO: initialize a new directory: AZHToLLtt_mA900_mH400 
INFO: remove old information in AZHToLLtt_mA900_mH400 
[1mINFO: Compiling CutTools. This has to be done only once and can take a couple of minutes. [0m
[1mINFO: Compiling IREGI. This has to be done only once and can take a couple of minutes. [0m
INFO: Organizing processes into subprocess groups 
INFO: Generating Helas calls for process: g g > h3 > h2 z WEIGHTED<=8 [ noborn = QCD ] 
INFO: Processing color information for loop process: g g > h3 > h2 z [ noborn = QCD ] 
INFO: Creating color matrix  loop process: g g > h3 > h2 z WEIGHTED<=8 [ noborn = QCD ] 
INFO: Creating files in directory /afs/cern.ch/user/h/harshul/private/azhRunIIsamples/genproductions/bin/MadGraph5_aMCatNLO/AZHToLLtt_mA900_mH400/AZHToLLtt_mA900_mH400_gridpack/work/AZHToLLtt_mA900_mH400/SubProcesses/PV0_0_1_gg_h3_h2z 
ALOHA: aloha creates FFV1 set of routines with options: L1
INFO: Computing diagram color coefficients 
INFO: Drawing loop Feynman diagrams for Process: g g > h3 > h2 z WEIGHTED<=8 [ noborn = QCD ] 
INFO: Creating files in directory P0_gg_h2z 
INFO: Generating Feynman diagrams for Process: g g > h3 > h2 z WEIGHTED<=8 [ noborn = QCD ] 
INFO: Finding symmetric diagrams for subprocess group gg_h2z 
Generated helas calls for 1 subprocesses (4 diagrams) in 0.016 s
ALOHA: aloha creates VSS1 routines
ALOHA: aloha creates VSS3 routines
ALOHA: aloha creates VSS1_3 routines
save configuration file to /afs/cern.ch/user/h/harshul/private/azhRunIIsamples/genproductions/bin/MadGraph5_aMCatNLO/AZHToLLtt_mA900_mH400/AZHToLLtt_mA900_mH400_gridpack/work/AZHToLLtt_mA900_mH400/Cards/me5_configuration.txt
INFO: Use Fortran compiler gfortran 
INFO: Use c++ compiler g++ 
INFO: Generate web pages 
Output to directory /afs/cern.ch/user/h/harshul/private/azhRunIIsamples/genproductions/bin/MadGraph5_aMCatNLO/AZHToLLtt_mA900_mH400/AZHToLLtt_mA900_mH400_gridpack/work/AZHToLLtt_mA900_mH400 done.
Type "launch" to generate events from this process, or see
/afs/cern.ch/user/h/harshul/private/azhRunIIsamples/genproductions/bin/MadGraph5_aMCatNLO/AZHToLLtt_mA900_mH400/AZHToLLtt_mA900_mH400_gridpack/work/AZHToLLtt_mA900_mH400/README
Run "open index.html" to see more information about this process.
display multiparticles
Multiparticle labels:
all = g ghg ghg~ u c d s u~ c~ d~ s~ a gha gha~ ve vm vt e- mu- ta- ve~ vm~ vt~ e+ mu+ ta+ t b t~ b~ z w+ ghz ghwp ghwm h+ h1 h2 h3 w- ghz~ ghwp~ ghwm~ h-
l- = e- mu- ta-
j = g u c d s u~ c~ d~ s~
vl = ve vm vt
l+ = e+ mu+ ta+
p = g u c d s u~ c~ d~ s~
vl~ = ve~ vm~ vt~
quit
copying generated process to working directory
INFO: Using default PDF sets for 2017 production
starting LO mode
************************************************************
*                                                          *
*                      W E L C O M E to                    *
*             M A D G R A P H 5 _ a M C @ N L O            *
*                      M A D E V E N T                     *
*                                                          *
*                 *                       *                *
*                   *        * *        *                  *
*                     * * * * 5 * * * *                    *
*                   *        * *        *                  *
*                 *                       *                *
*                                                          *
*         VERSION 2.6.5                 20xx-xx-xx         *
*                                                          *
*    The MadGraph5_aMC@NLO Development Team - Find us at   *
*    https://server06.fynu.ucl.ac.be/projects/madgraph     *
*                                                          *
*               Type 'help' for in-line help.              *
*                                                          *
************************************************************
INFO: load configuration from /afs/cern.ch/user/h/harshul/private/azhRunIIsamples/genproductions/bin/MadGraph5_aMCatNLO/AZHToLLtt_mA900_mH400/AZHToLLtt_mA900_mH400_gridpack/work/processtmp/Cards/me5_configuration.txt  
INFO: load configuration from /afs/cern.ch/user/h/harshul/private/azhRunIIsamples/genproductions/bin/MadGraph5_aMCatNLO/AZHToLLtt_mA900_mH400/AZHToLLtt_mA900_mH400_gridpack/work/MG5_aMC_v2_6_5/input/mg5_configuration.txt  
INFO: load configuration from /afs/cern.ch/user/h/harshul/private/azhRunIIsamples/genproductions/bin/MadGraph5_aMCatNLO/AZHToLLtt_mA900_mH400/AZHToLLtt_mA900_mH400_gridpack/work/processtmp/Cards/me5_configuration.txt  
No valid eps viewer found. Please set in ./input/mg5_configuration.txt
No valid web browser found. Please set in ./input/mg5_configuration.txt
generate_events pilotrun
stty: standard input: Inappropriate ioctl for device
stty: standard input: Inappropriate ioctl for device
The following switches determine which programs are run:
/===========================================================================\
| 1. Choose the shower/hadronization program   [1m  shower[0m = [01mNot Avail.[0m        |
| 2. Choose the detector simulation program    [1mdetector[0m = [01mNot Avail.[0m        |
| 3. Choose an analysis package (plot/convert) [1manalysis[0m = [01mNot Avail.[0m        |
| 4. Decay onshell particles                   [1m madspin[0m = [31mOFF[0m               |
| 5. Add weights to events for new hypp.       [1mreweight[0m = [31mOFF[0m               |
\===========================================================================/
Either type the switch number (1 to 5) to change its setting,
Set any switch explicitly (e.g. type 'madspin=ON' at the prompt)
Type 'help' for the list of all valid option
Type '0', 'auto', 'done' or just press enter when you are done.[60s to answer] 
>[1;34mrun_card missed argument time_of_flight. Takes default: -1.0[0m
[1;34mrun_card missed argument bias_module. Takes default: None[0m
[1;34mrun_card missed argument event_norm. Takes default: sum[0m
[1;34mrun_card missed argument pt_min_pdg. Takes default: {}[0m
[1;34mrun_card missed argument pt_max_pdg. Takes default: {}[0m
[1;34mrun_card missed argument e_min_pdg. Takes default: {}[0m
[1;34mrun_card missed argument e_max_pdg. Takes default: {}[0m
[1;34mrun_card missed argument eta_min_pdg. Takes default: {}[0m
[1;34mrun_card missed argument eta_max_pdg. Takes default: {}[0m
[1;34mrun_card missed argument mxx_min_pdg. Takes default: {}[0m
[1;34mrun_card missed argument mxx_only_part_antipart. Takes default: {'default': False}[0m
Do you want to edit a card (press enter to bypass editing)?
/------------------------------------------------------------\
|  [31m1[0m. param         : [32mparam_card.dat[0m                         |
|  [31m2[0m. run           : [32mrun_card.dat[0m                           |
|  [31m3[0m. MadLoopParams : [32mMadLoopParams.dat[0m                      |
\------------------------------------------------------------/
 you can also
   - enter the path to a valid card or banner.
   - use the 'set' command to modify a parameter directly.
     The set option works only for param_card and run_card.
     Type 'help set' for more information on this command.
   - call an external program (ASperGE/MadWidth/...).
     Type 'help' for the list of available command
 [[4m0[0m, done, 1, param, 2, run, 3, MadLoopParams, enter path][90s to answer] 
>[1mINFO: modify parameter gridpack of the run_card.dat to True [0m
Do you want to edit a card (press enter to bypass editing)?
/------------------------------------------------------------\
|  [31m1[0m. param         : [32mparam_card.dat[0m                         |
|  [31m2[0m. run           : [32mrun_card.dat[0m                           |
|  [31m3[0m. MadLoopParams : [32mMadLoopParams.dat[0m                      |
\------------------------------------------------------------/
 you can also
   - enter the path to a valid card or banner.
   - use the 'set' command to modify a parameter directly.
     The set option works only for param_card and run_card.
     Type 'help set' for more information on this command.
   - call an external program (ASperGE/MadWidth/...).
     Type 'help' for the list of available command
 [[4m0[0m, done, 1, param, 2, run, 3, MadLoopParams, enter path] 
>[1mINFO: modify param_card information BLOCK frblock with id (1,) set to 1.0 [0m
Do you want to edit a card (press enter to bypass editing)?
/------------------------------------------------------------\
|  [31m1[0m. param         : [32mparam_card.dat[0m                         |
|  [31m2[0m. run           : [32mrun_card.dat[0m                           |
|  [31m3[0m. MadLoopParams : [32mMadLoopParams.dat[0m                      |
\------------------------------------------------------------/
 you can also
   - enter the path to a valid card or banner.
   - use the 'set' command to modify a parameter directly.
     The set option works only for param_card and run_card.
     Type 'help set' for more information on this command.
   - call an external program (ASperGE/MadWidth/...).
     Type 'help' for the list of available command
 [[4m0[0m, done, 1, param, 2, run, 3, MadLoopParams, enter path] 
>[1mINFO: modify param_card information BLOCK frblock with id (2,) set to 0.99 [0m
Do you want to edit a card (press enter to bypass editing)?
/------------------------------------------------------------\
|  [31m1[0m. param         : [32mparam_card.dat[0m                         |
|  [31m2[0m. run           : [32mrun_card.dat[0m                           |
|  [31m3[0m. MadLoopParams : [32mMadLoopParams.dat[0m                      |
\------------------------------------------------------------/
 you can also
   - enter the path to a valid card or banner.
   - use the 'set' command to modify a parameter directly.
     The set option works only for param_card and run_card.
     Type 'help set' for more information on this command.
   - call an external program (ASperGE/MadWidth/...).
     Type 'help' for the list of available command
 [[4m0[0m, done, 1, param, 2, run, 3, MadLoopParams, enter path] 
>[1mINFO: modify param_card information BLOCK higgs with id (3,) set to 0.0 [0m
Do you want to edit a card (press enter to bypass editing)?
/------------------------------------------------------------\
|  [31m1[0m. param         : [32mparam_card.dat[0m                         |
|  [31m2[0m. run           : [32mrun_card.dat[0m                           |
|  [31m3[0m. MadLoopParams : [32mMadLoopParams.dat[0m                      |
\------------------------------------------------------------/
 you can also
   - enter the path to a valid card or banner.
   - use the 'set' command to modify a parameter directly.
     The set option works only for param_card and run_card.
     Type 'help set' for more information on this command.
   - call an external program (ASperGE/MadWidth/...).
     Type 'help' for the list of available command
 [[4m0[0m, done, 1, param, 2, run, 3, MadLoopParams, enter path] 
>[1mINFO: modify param_card information BLOCK mass with id (25,) set to 125.0 [0m
Do you want to edit a card (press enter to bypass editing)?
/------------------------------------------------------------\
|  [31m1[0m. param         : [32mparam_card.dat[0m                         |
|  [31m2[0m. run           : [32mrun_card.dat[0m                           |
|  [31m3[0m. MadLoopParams : [32mMadLoopParams.dat[0m                      |
\------------------------------------------------------------/
 you can also
   - enter the path to a valid card or banner.
   - use the 'set' command to modify a parameter directly.
     The set option works only for param_card and run_card.
     Type 'help set' for more information on this command.
   - call an external program (ASperGE/MadWidth/...).
     Type 'help' for the list of available command
 [[4m0[0m, done, 1, param, 2, run, 3, MadLoopParams, enter path] 
>[1mINFO: modify param_card information BLOCK mass with id (35,) set to 400.0 [0m
Do you want to edit a card (press enter to bypass editing)?
/------------------------------------------------------------\
|  [31m1[0m. param         : [32mparam_card.dat[0m                         |
|  [31m2[0m. run           : [32mrun_card.dat[0m                           |
|  [31m3[0m. MadLoopParams : [32mMadLoopParams.dat[0m                      |
\------------------------------------------------------------/
 you can also
   - enter the path to a valid card or banner.
   - use the 'set' command to modify a parameter directly.
     The set option works only for param_card and run_card.
     Type 'help set' for more information on this command.
   - call an external program (ASperGE/MadWidth/...).
     Type 'help' for the list of available command
 [[4m0[0m, done, 1, param, 2, run, 3, MadLoopParams, enter path] 
>[1mINFO: modify param_card information BLOCK mass with id (36,) set to 900.0 [0m
Do you want to edit a card (press enter to bypass editing)?
/------------------------------------------------------------\
|  [31m1[0m. param         : [32mparam_card.dat[0m                         |
|  [31m2[0m. run           : [32mrun_card.dat[0m                           |
|  [31m3[0m. MadLoopParams : [32mMadLoopParams.dat[0m                      |
\------------------------------------------------------------/
 you can also
   - enter the path to a valid card or banner.
   - use the 'set' command to modify a parameter directly.
     The set option works only for param_card and run_card.
     Type 'help set' for more information on this command.
   - call an external program (ASperGE/MadWidth/...).
     Type 'help' for the list of available command
 [[4m0[0m, done, 1, param, 2, run, 3, MadLoopParams, enter path] 
>[1mINFO: modify param_card information BLOCK mass with id (37,) set to 900.0 [0m
Do you want to edit a card (press enter to bypass editing)?
/------------------------------------------------------------\
|  [31m1[0m. param         : [32mparam_card.dat[0m                         |
|  [31m2[0m. run           : [32mrun_card.dat[0m                           |
|  [31m3[0m. MadLoopParams : [32mMadLoopParams.dat[0m                      |
\------------------------------------------------------------/
 you can also
   - enter the path to a valid card or banner.
   - use the 'set' command to modify a parameter directly.
     The set option works only for param_card and run_card.
     Type 'help set' for more information on this command.
   - call an external program (ASperGE/MadWidth/...).
     Type 'help' for the list of available command
 [[4m0[0m, done, 1, param, 2, run, 3, MadLoopParams, enter path] 
>[1mINFO: modify param_card information BLOCK decay with id (35,) set to 12.0 [0m
Do you want to edit a card (press enter to bypass editing)?
/------------------------------------------------------------\
|  [31m1[0m. param         : [32mparam_card.dat[0m                         |
|  [31m2[0m. run           : [32mrun_card.dat[0m                           |
|  [31m3[0m. MadLoopParams : [32mMadLoopParams.dat[0m                      |
\------------------------------------------------------------/
 you can also
   - enter the path to a valid card or banner.
   - use the 'set' command to modify a parameter directly.
     The set option works only for param_card and run_card.
     Type 'help set' for more information on this command.
   - call an external program (ASperGE/MadWidth/...).
     Type 'help' for the list of available command
 [[4m0[0m, done, 1, param, 2, run, 3, MadLoopParams, enter path] 
>[1mINFO: modify param_card information BLOCK decay with id (36,) set to 27.0 [0m
Do you want to edit a card (press enter to bypass editing)?
/------------------------------------------------------------\
|  [31m1[0m. param         : [32mparam_card.dat[0m                         |
|  [31m2[0m. run           : [32mrun_card.dat[0m                           |
|  [31m3[0m. MadLoopParams : [32mMadLoopParams.dat[0m                      |
\------------------------------------------------------------/
 you can also
   - enter the path to a valid card or banner.
   - use the 'set' command to modify a parameter directly.
     The set option works only for param_card and run_card.
     Type 'help set' for more information on this command.
   - call an external program (ASperGE/MadWidth/...).
     Type 'help' for the list of available command
 [[4m0[0m, done, 1, param, 2, run, 3, MadLoopParams, enter path] 
>[1mINFO: modify param_card information BLOCK decay with id (37,) set to 27.0 [0m
Do you want to edit a card (press enter to bypass editing)?
/------------------------------------------------------------\
|  [31m1[0m. param         : [32mparam_card.dat[0m                         |
|  [31m2[0m. run           : [32mrun_card.dat[0m                           |
|  [31m3[0m. MadLoopParams : [32mMadLoopParams.dat[0m                      |
\------------------------------------------------------------/
 you can also
   - enter the path to a valid card or banner.
   - use the 'set' command to modify a parameter directly.
     The set option works only for param_card and run_card.
     Type 'help set' for more information on this command.
   - call an external program (ASperGE/MadWidth/...).
     Type 'help' for the list of available command
 [[4m0[0m, done, 1, param, 2, run, 3, MadLoopParams, enter path] 
>[1mINFO: modify param_card information BLOCK higgs with id (1,) set to 0.257734 [0m
Do you want to edit a card (press enter to bypass editing)?
/------------------------------------------------------------\
|  [31m1[0m. param         : [32mparam_card.dat[0m                         |
|  [31m2[0m. run           : [32mrun_card.dat[0m                           |
|  [31m3[0m. MadLoopParams : [32mMadLoopParams.dat[0m                      |
\------------------------------------------------------------/
 you can also
   - enter the path to a valid card or banner.
   - use the 'set' command to modify a parameter directly.
     The set option works only for param_card and run_card.
     Type 'help set' for more information on this command.
   - call an external program (ASperGE/MadWidth/...).
     Type 'help' for the list of available command
 [[4m0[0m, done, 1, param, 2, run, 3, MadLoopParams, enter path] 
>[1mINFO: modify param_card information BLOCK higgs with id (2,) set to 21.7012 [0m
Do you want to edit a card (press enter to bypass editing)?
/------------------------------------------------------------\
|  [31m1[0m. param         : [32mparam_card.dat[0m                         |
|  [31m2[0m. run           : [32mrun_card.dat[0m                           |
|  [31m3[0m. MadLoopParams : [32mMadLoopParams.dat[0m                      |
\------------------------------------------------------------/
 you can also
   - enter the path to a valid card or banner.
   - use the 'set' command to modify a parameter directly.
     The set option works only for param_card and run_card.
     Type 'help set' for more information on this command.
   - call an external program (ASperGE/MadWidth/...).
     Type 'help' for the list of available command
 [[4m0[0m, done, 1, param, 2, run, 3, MadLoopParams, enter path] 
>INFO: Update the dependent parameter of the param_card.dat 
Generating gridpack with run name pilotrun
survey  pilotrun --accuracy=0.01 --points=2000 --iterations=8 --gridpack=.true.
INFO: compile directory 
INFO: Using LHAPDF v6.2.1 interface for PDFs 
initMadLoop -r -f
Initializing MadLoop loop-induced matrix elements (this can take some time)...
MadLoop initialization finished.
compile Source Directory
Using random number seed offset = 21
INFO: Running Survey 
Creating Jobs
Working on SubProcesses
INFO:     P0_gg_h2z  
INFO:  Idle: 1,  Running: 3,  Completed: 0 [ current time: 05h09 ] 
INFO:  Idle: 1,  Running: 0,  Completed: 4 [  0.22s  ] 
INFO: P0_gg_h2z/G1 is at 0.45 +- 0.00951 pb. Now submitting iteration #2. 
INFO: P0_gg_h2z/G1 is at 0.4488 +- 0.000393 pb. Now submitting iteration #3. 
INFO: Survey finished for P0_gg_h2z/G1 at 0.44905 +- 0.000151 pb 
INFO:  Idle: 0,  Running: 0,  Completed: 15 [  2.9s  ] 
  === Results Summary for run: pilotrun tag: tag_1 ===

     Cross-section :   0.4491 +- 0.0001506 pb
     Nb of events :  0
 
INFO: End survey 
combine_events
INFO: Combining Events 
store_events
INFO: Storing parton level results 
INFO: End Parton 
decay_events -from_cards
create_gridpack
INFO: Creating gridpack 
P0_gg_h2z
Cleaning  SubProcesses. 
INFO: gridpack created 
quit
INFO: storing files of previous run 
INFO: Done 
INFO:  
finished pilot run
cleaning temporary output
unpacking temporary gridpack
cleaning temporary gridpack
using input+file /afs/cern.ch/user/h/harshul/private/azhRunIIsamples/genproductions/bin/MadGraph5_aMCatNLO/AZHToLLtt_mA900_mH400/AZHToLLtt_mA900_mH400_gridpack/work/process/madspinrun.dat
************************************************************
*                                                          *
*           W E L C O M E  to  M A D S P I N               *
*                                                          *
************************************************************
import /afs/cern.ch/user/h/harshul/private/azhRunIIsamples/genproductions/bin/MadGraph5_aMCatNLO/AZHToLLtt_mA900_mH400/AZHToLLtt_mA900_mH400_gridpack/work/unweighted_events.lhe.gz
INFO: process: p p > h3 > h2 z  
INFO: options:  
define p  =  g u c d s u~ c~ d~ s~
INFO: load particles 
INFO: load vertices 
INFO: Restrict model sm with file ../MG5_aMC_v2_6_5/models/sm/restrict_default.dat . 
INFO: Run "set stdout_level DEBUG" before import for more information. 
INFO: Change particles name to pass to MG5 convention 
Defined multiparticle p = g u c d s u~ c~ d~ s~
Defined multiparticle j = g u c d s u~ c~ d~ s~
Defined multiparticle l+ = e+ mu+
Defined multiparticle l- = e- mu-
Defined multiparticle vl = ve vm vt
Defined multiparticle vl~ = ve~ vm~ vt~
Defined multiparticle all = g u c d s u~ c~ d~ s~ a ve vm vt e- mu- ve~ vm~ vt~ e+ mu+ t b t~ b~ z w+ h w- ta- ta+
Defined multiparticle p = g u c d s u~ c~ d~ s~
define j  =  g u c d s u~ c~ d~ s~
Defined multiparticle j = g u c d s u~ c~ d~ s~
define l+  =  e+ mu+
Defined multiparticle l+ = e+ mu+
define l-  =  e- mu-
Defined multiparticle l- = e- mu-
define vl  =  ve vm vt
Defined multiparticle vl = ve vm vt
define vl~  =  ve~ vm~ vt~
Defined multiparticle vl~ = ve~ vm~ vt~
define l+  =  e+ mu+ ta+
Defined multiparticle l+ = e+ mu+ ta+
define l-  =  e- mu- ta-
Defined multiparticle l- = e- mu- ta-
set loop optimized output to True
set loop color flows to False
Set group_subprocesses to Auto
Note that you need to regenerate all processes
Complex mass already desactivated.
INFO: detected model: 2HDMtII_NLO. Loading... 
INFO: load particles 
INFO: load vertices 
INFO: Change particles name to pass to MG5 convention 
Kept definitions of multiparticles l- / j / vl / l+ / p / vl~ unchanged
Defined multiparticle all = g ghg ghg~ u c d s u~ c~ d~ s~ a gha gha~ ve vm vt e- mu- ta- ve~ vm~ vt~ e+ mu+ ta+ t b t~ b~ z w+ ghz ghwp ghwm h+ h1 h2 h3 w- ghz~ ghwp~ ghwm~ h-
set loop optimized output to True
set loop color flows to False
Set group_subprocesses to Auto
Note that you need to regenerate all processes
Complex mass already desactivated.
Defined multiparticle p = g u c d s u~ c~ d~ s~
Defined multiparticle j = g u c d s u~ c~ d~ s~
Defined multiparticle l+ = e+ mu+
Defined multiparticle l- = e- mu-
Defined multiparticle vl = ve vm vt
Defined multiparticle vl~ = ve~ vm~ vt~
Defined multiparticle l+ = e+ mu+ ta+
Defined multiparticle l- = e- mu- ta-
set ms_dir ./madspingrid
set max_weight_ps_point 400  # number of PS to estimate the maximum for each event
set max_running_process 1
define f = u c d s u~ c~ d~ s~ ve vm vt e- mu- ta- ve~ vm~ vt~ e+ mu+ ta+
define f = u c d s u~ c~ d~ s~ ve vm vt e- mu- ta- ve~ vm~ vt~ e+ mu+ ta+
Defined multiparticle f = u c d s u~ c~ d~ s~ ve vm vt e- mu- ta- ve~ vm~ vt~ e+ mu+ ta+
set spinmode none
decay h2 > t t~, ( t > w+ b, w+ > f f ), ( t~ > w- b~, w- > f f )
decay z > l+ l-
launch
INFO: Will use seed 412092659 
INFO: generate 2500 decay event for particle h2 
P0_h2_txt_tx_bxwm_wm_qq_t_bwp_wp_qq
P0_h2_txt_tx_bxwm_wm_qq_t_bwp_wp_vll
P0_h2_txt_tx_bxwm_wm_lvl_t_bwp_wp_qq
P0_h2_txt_tx_bxwm_wm_lvl_t_bwp_wp_vll
Cleaning  SubProcesses.... 
INFO: Will use seed 412092660 
Now generating 3000 events with random seed 412092660 and granularity 1
P0_h2_txt_tx_bxwm_wm_qq_t_bwp_wp_qq
P0_h2_txt_tx_bxwm_wm_qq_t_bwp_wp_vll
P0_h2_txt_tx_bxwm_wm_lvl_t_bwp_wp_qq
P0_h2_txt_tx_bxwm_wm_lvl_t_bwp_wp_vll
No handlers could be found for logger "madgraph.lhe_parser"
WRITE GRIDCARD /afs/cern.ch/user/h/harshul/private/azhRunIIsamples/genproductions/bin/MadGraph5_aMCatNLO/AZHToLLtt_mA900_mH400/AZHToLLtt_mA900_mH400_gridpack/work/process/madspingrid/decay_35_0/madevent
DONE
write ./events.lhe.gz
INFO: generate 2500 decay event for particle z 
P0_z_epem
Cleaning  SubProcesses. 
INFO: Will use seed 412092661 
Now generating 3000 events with random seed 412092661 and granularity 1
P0_z_epem
WRITE GRIDCARD /afs/cern.ch/user/h/harshul/private/azhRunIIsamples/genproductions/bin/MadGraph5_aMCatNLO/AZHToLLtt_mA900_mH400/AZHToLLtt_mA900_mH400_gridpack/work/process/madspingrid/decay_23_0/madevent
DONE
write ./events.lhe.gz
decaying event number 100 [0.0719029903412 s]
decaying event number 200 [0.144442081451 s]
decaying event number 300 [0.227857112885 s]
decaying event number 400 [0.306019067764 s]
decaying event number 500 [0.380558013916 s]
decaying event number 600 [0.448678970337 s]
decaying event number 700 [0.51380109787 s]
decaying event number 800 [0.579947948456 s]
decaying event number 900 [0.649690151215 s]
decaying event number 1000 [0.719772100449 s]
decaying event number 2000 [1.36189198494 s]
quit
preparing final gridpack
cleaning unneeded files from gridpack
